year,recipient_location_iso3,total_usd_defl_m_lnha,destination_org_country,total_usd_defl_m,lnha_funding_perc
2018,JOR,33.034662200225,Jordan,880.628025282,0.0375126174182868
2018,YEM,689.553400350906,Yemen,5838.77368767701,0.118099011408207
2018,TON,1.409897433911,Tonga,15.102510266,0.0933551713641325
2018,PER,1.4012076447,Peru,18.176896654,0.0770872867559409
2018,MULTI,,Multi-destination_org_country,548.580044609,
2018,ETH,47.4462876004019,Ethiopia,1001.745709316,0.0473636045147611
2018,ZWE,2.2235699519,Zimbabwe,87.55948055,0.0253949650903908
2018,ATG,,Antigua and Barbuda,3.915415451,
2018,IDN,8.35179754386984,Indonesia,71.052196853,0.117544536464494
2018,GMB,,Gambia,2.857486192,
2018,BGD,3.41221404993903,Bangladesh,960.416304031,0.0035528489422946
2018,SYR,86.7923940467462,Syrian Arab Republic,3192.736190198,0.0271843299528496
2018,LBN,42.6938026743475,Lebanon,1381.696054301,0.0308995618402821
2018,SDN,8.11554080406064,Sudan,980.681423154001,0.00827540994705497
2018,SOM,50.3373682459616,Somalia,1451.326393223,0.0346836993256741
2018,PAK,8.77643181421502,Pakistan,138.702273328,0.0632753278200474
2018,LKA,,Sri Lanka,3.306567812,
2018,PSE,13.7239245084207,Occupied Palestinian Territory,424.308418482,0.0323442192297746
2018,KGZ,,Kyrgyzstan,0.033478592,
2018,IRQ,29.9610852389938,Iraq,1500.793113786,0.0199635012739444
2018,KEN,1.4941675737,Kenya,263.312410959,0.00567450492841621
2018,CAF,2.07710524741608,Central African Republic,395.574985292,0.00525085084913251
2018,AFG,21.4418312350132,Afghanistan,611.807684674,0.0350466850484861
2018,RUS,,Russian Federation,0.346822154,
2018,NGA,14.6347484146277,Nigeria,889.069140803001,0.0164607539987381
2018,IND,0.23671768512,India,9.39757069,0.0251892422976815
2018,BEN,,Benin,2.903918994,
2018,BFA,7.53425669019148,Burkina Faso,84.523949908,0.0891375367383107
2018,TCD,0.1316376898,Chad,319.486526779,0.00041202892380829
2018,MMR,13.8323263112311,Myanmar,220.365862473,0.0627698235833868
2018,SSD,41.8056800882537,South Sudan,1736.676502138,0.0240722322417487
2018,DJI,0.9196512368,Djibouti,12.489874059,0.073631746201421
2018,GHA,,Ghana,1.163657668,
2018,MWI,,Malawi,30.652068025,
2018,MLI,1.3495338503,Mali,287.008085754,0.0047020760643542
2018,MRT,0.27894420475,Mauritania,92.428136367,0.00301795768814822
2018,NPL,,Nepal,9.699147938,
2018,TZA,1.52272027288,"Tanzania, United Republic of",52.767493544,0.0288571650955959
2018,SEN,0.288268663775826,Senegal,13.23867449,0.021774737644133
2018,TUN,,Tunisia,3.001257356,
2018,PHL,2.59129372257673,Philippines,51.287269768,0.0505250861334314
2018,GRC,3.12951278775686,Greece,257.595714239,0.0121489318912087
2018,COD,48.3203901200389,Democratic Republic of the Congo,1207.998984351,0.0400003565781134
2018,TUR,16.7082224497,Türkiye,2243.016344184,0.00744899719211738
2018,MNG,,Mongolia,1.331292952,
2018,MAR,0.32773323017,Morocco,2.824577966,0.116029096776577
2018,COL,1.51292078779,Colombia,151.021850978,0.0100178932915502
2018,NIC,,Nicaragua,3.472985661,
2018,HTI,13.62171441,Haiti,94.0480587360001,0.144837805193164
2018,BIH,,Bosnia and Herzegovina,4.31853077,
2018,CRI,,Costa Rica,7.8511531,
2018,FSM,,"Micronesia, Federated States of",4.349407742,
2018,UKR,1.25062037985,Ukraine,194.741298611,0.00642195768832857
2018,NER,1.093899598,Niger,321.409557632,0.00340344452124995
2018,MEX,,Mexico,24.20738816,
2018,CMR,1.53297553481217,Cameroon,232.413477868,0.00659589774601122
2018,LBY,0.02697337628,Libya,189.754191519,0.000142149040630279
2018,BDI,7.689382605341,Burundi,131.890258761,0.0583013687104445
2018,VEN,,"Venezuela, Bolivarian Republic of",34.061132832,
2018,ALB,,Albania,0.220434796,
2018,COM,,Comoros,0.20281336,
2018,MDV,,Maldives,0.121723678,
2018,TJK,,Tajikistan,3.578742298,
2018,GTM,,Guatemala,37.557570319,
2018,COG,,Congo,17.952976309,
2018,PRK,,"Korea, Democratic People's Republic of",44.098259115,
2018,PNG,1.547448769258,Papua New Guinea,25.046282799,0.0617835701080475
2018,VUT,0.996364827063,Vanuatu,5.395019987,0.184682323599147
2018,MDG,,Madagascar,42.483081805,
2018,WSM,0.069034873204,Samoa,0.39553881,0.174533753600563
2018,LAO,,Lao People's Democratic Republic,13.213255274,
2018,ERI,,Eritrea,12.865017856,
2018,UGA,1.216925321,Uganda,414.400221512,0.00293659428211662
2018,AGO,,Angola,10.044691717,
2018,RWA,,Rwanda,21.611903052,
2018,DZA,1.619459521,Algeria,34.801450751,0.0465342532007366
2018,IRN,,"Iran, Islamic Republic of",21.923542705,
2018,GIN,,Guinea,2.311660918,
2018,EGY,16.7032227487784,Egypt,89.777718021,0.186050872276252
2019,MULTI,,Multi-destination_org_country,456.338251432,
2016,ECU,0.842609710343,Ecuador,59.692557662,0.0141158252108102
2016,LBN,57.2006676581027,Lebanon,1625.426982483,0.0351911640907567
2016,YEM,283.98948531284,Yemen,2090.64515782,0.135838204896027
2016,JOR,75.1025808279635,Jordan,1104.736229668,0.0679823643065763
2016,SYR,141.748563246538,Syrian Arab Republic,3049.205407456,0.0464870496752795
2017,JOR,8.52048641692782,Jordan,912.48682104,0.00933765422191705
2017,BGD,7.96587280064955,Bangladesh,660.139039063,0.0120669621538461
2017,LKA,1.667485760206,Sri Lanka,13.776419553,0.121039124410441
2017,SYR,57.0055195901076,Syrian Arab Republic,2931.68214122,0.0194446453756358
2017,MMR,9.52252249781078,Myanmar,203.394384614,0.0468180206443877
2019,JOR,45.4765120411365,Jordan,840.554898940001,0.0541029647182898
2019,AFG,18.0012431711953,Afghanistan,702.394865585,0.0256283809196166
2019,BLR,,Belarus,0.003559102,
2020,JOR,17.3477459279927,Jordan,981.834855445,0.0176687004253176
2020,SYR,219.585986453096,Syrian Arab Republic,3668.32392707601,0.0598600316706835
2021,Global,,Global,1361.906959892,
2023,TUR,246.074589,Türkiye,1859.320155883,0.132346539793809
2019,MOZ,8.79158583015326,Mozambique,453.316074592,0.0193939423790916
2019,KHM,0.134323255599659,Cambodia,5.922902909,0.0226786185192317
2019,IDN,0.83834893331,Indonesia,42.438156833,0.0197546028355807
2019,SYR,149.703257537169,Syrian Arab Republic,3607.575916106,0.0414969112275143
2019,YEM,317.620018419887,Yemen,4771.53618183701,0.0665655684701536
2019,SOM,44.5221240113159,Somalia,1243.343559983,0.0358083842988053
2019,BGD,4.18351360622204,Bangladesh,999.436296080999,0.00418587319934896
2019,PAK,7.68406785471191,Pakistan,141.537504732,0.0542899768457952
2019,IND,1.3839491038181,India,8.102270246,0.170810039877569
2019,TCD,1.2287867082,Chad,425.793054936,0.00288587776140383
2019,MRT,0.71126321784,Mauritania,68.733877791,0.010348073478449
2019,PSE,29.7573982080286,Occupied Palestinian Territory,444.864497993,0.0668909259837068
2019,PHL,2.06495447486,Philippines,31.936907162,0.0646573089994443
2019,SDN,36.289642041816,Sudan,833.754456105,0.0435255749172821
2020,TGO,,Togo,8.008562556,
2020,CAN,,Canada,0.107939287,
2020,IND,3.55725079080507,India,30.928553987,0.115015101976648
2020,SDN,55.7831654876484,Sudan,1249.464013586,0.04464567597073
2020,PSE,36.4383481595806,Occupied Palestinian Territory,733.807876196,0.0496565236509508
2020,SOM,45.4291492217486,Somalia,1373.052962884,0.0330862322501588
2021,TGO,1.123189083,Togo,3.674396333,0.305679894384981
2021,TJK,1.48989975144,Tajikistan,7.913696665,0.188268493791201
2021,IDN,20.422572593599,Indonesia,39.831449592,0.512724814255839
2021,IND,13.5030479397867,India,191.23452718,0.070609884830457
2021,EGY,1.08617249219385,Egypt,120.790145274,0.00899222771634207
2021,PSE,31.0454077699302,Occupied Palestinian Territory,1023.505195943,0.0303324378742667
2021,SOM,38.079176392996,Somalia,1345.448948214,0.0283022083026961
2021,LBN,29.7581898653695,Lebanon,1458.243110833,0.0204068784171184
2022,TUN,19.1896608535756,Tunisia,31.126392881,0.616507699010934
2022,TGO,1.47396847328702,Togo,3.553531386,0.414789771969955
2022,TJK,3.94874528025509,Tajikistan,7.085850809,0.557271862856559
2022,LKA,8.23530744652893,Sri Lanka,188.912219737,0.0435933020002304
2022,IDN,8.22530345585368,Indonesia,40.519611865,0.20299561316772
2022,IND,9.01645196250501,India,35.50800179,0.253927326460941
2022,SDN,58.4227990238902,Sudan,1463.550848896,0.0399185303796996
2022,JOR,36.6117226895307,Jordan,766.998127031,0.0477337836941693
2022,SYR,212.532140398062,Syrian Arab Republic,3272.169454999,0.0649514468370119
2020,CHN,9.5243077647947,China,15.974559199,0.596217250576211
2020,IDN,5.4217432942,Indonesia,46.603842572,0.116336829647121
2020,MYS,1.2255592759,Malaysia,12.956400994,0.0945910269732734
2020,GRC,1.942771164,Greece,50.32949373,0.0386010472193955
2020,HUN,,Hungary,0.021586346,
2020,SRB,20.8328154805,Serbia,25.316447894,0.822896465085743
2020,KOR,,"Korea, Republic of",0.329980479,
2020,SLV,1.3119495302,El Salvador,22.772364029,0.0576114771628131
2020,GEO,0.1079317313,Georgia,2.292248414,0.047085529928084
2020,NPL,7.6450741506,Nepal,35.068401502,0.21800463731328
2020,LBN,101.02259811577,Lebanon,2269.824666719,0.0445067848618444
2020,MKD,2.4960961357,"North Macedonia, Republic of",5.603672766,0.445439310954226
2020,MDA,1.5696349778,"Moldova, Republic of",6.376776583,0.246148654789714
2020,SSD,50.5993929436943,South Sudan,1836.725132511,0.0275487017888842
2020,AGO,0.7396982473,Angola,22.056275469,0.0335368611232501
2020,CUB,2.0578263881,Cuba,6.446611277,0.31921055880038
2020,ITA,4.923365284,Italy,8.725278501,0.564264542780581
2020,TUR,26.2383959771,Türkiye,1492.738741335,0.0175773531231823
2021,NPL,10.931192838,Nepal,47.563960166,0.229820914823949
2021,IRN,0.4684867433,"Iran, Islamic Republic of",115.578177328,0.00405341868275426
2021,PAK,14.2962140250254,Pakistan,196.067042717,0.072914926582844
2021,SDN,15.1617668952236,Sudan,1064.17657513,0.0142474164998149
2021,DEU,,Germany,3.005178158,
2021,PHL,3.9144727747,Philippines,33.182104163,0.117969395655893
2021,SYR,172.705086146051,Syrian Arab Republic,3097.98385951801,0.0557475745444718
2021,RUS,,Russian Federation,0.020346873,
2021,MEX,,Mexico,114.31035593,
2021,HUN,,Hungary,0.263687805,
2022,PAK,126.493472618122,Pakistan,617.170474457001,0.204957103188408
2022,VNM,1.29655556137117,Viet Nam,16.850478393,0.0769447330296443
2022,PHL,6.15641039625188,Philippines,121.813807129,0.0505395122388079
2022,ZAF,3.54063760025455,South Africa,21.520495513,0.164523981249212
2022,AFG,204.890554407594,Afghanistan,4919.72833067199,0.0416467212488556
2022,LBY,2.77745735632962,Libya,223.057482859,0.0124517560259806
2022,SOM,177.157695920138,Somalia,2722.248451838,0.0650777102290296
2022,SRB,1.53057957854509,Serbia,3.659139182,0.418289521774494
2022,MNE,1.3374491138959,Montenegro,0.578153667,2.31331078610264
2022,HUN,4.96614664072849,Hungary,34.323211872,0.144687701700194
2022,KEN,20.7149401210211,Kenya,575.320244979999,0.036005929396316
2022,PNG,6.36012478148253,Papua New Guinea,8.192138988,0.776369247494331
2022,AZE,0.229164458298145,Azerbaijan,14.410324167,0.0159027968866195
2022,MEX,9.69692006296715,Mexico,106.751457696,0.0908364182771295
2022,TLS,,Timor-Leste,6.683274277,
2022,NPL,8.03027594375618,Nepal,23.147976568,0.346910492161864
2023,VNM,3.18647,Viet Nam,5.590657,0.569963422903605
2023,SOM,162.620254064,Somalia,1440.999380302,0.112852410824714
2023,SYR,481.66216095,Syrian Arab Republic,3848.02225331599,0.125171355372213
2023,LKA,7.91686178,Sri Lanka,80.530636666,0.0983086947745751
2023,LBY,37.59760622,Libya,135.943422833,0.276568041590264
2023,PSE,166.14115846297,Occupied Palestinian Territory,2028.5160138,0.0819028084238483
2023,SDN,143.258917737,Sudan,1728.956352108,0.0828586086411805
2023,BEN,2.63895323,Benin,11.1128915,0.237467740056672
2023,HUN,4.43149165,Hungary,13.016631,0.340448434775481
2023,TZA,5.40996646,"Tanzania, United Republic of",86.2305442,0.0627384009945747
2023,RWA,3.51708465,Rwanda,65.697500667,0.0535345274065599
2023,AZE,0.544294,Azerbaijan,11.011916,0.0494277290164582
2023,GHA,4.65083931,Ghana,9.752153,0.476903849847311
2023,MLI,10.21239234,Mali,313.750981416,0.032549355842363
2023,GMB,0.247007,Gambia,11.377223,0.0217106582159812
2023,CIV,2.64688192,Côte d'Ivoire,20.231572,0.130829276143248
2023,ZAF,3.048217,South Africa,5.805911,0.525019587795955
2023,IND,4.98930556,India,12.6381045,0.394782742934275
2023,USA,1.346407,United States,39.834814,0.0337997561630387
2023,NPL,4.02095262,Nepal,16.807393,0.239237139275556
2024,SYR,171.897256058444,Syrian Arab Republic,2086.461150866,0.0823869910000947
2024,UKR,296.257711014817,Ukraine,3097.2611304,0.0956515122690208
2024,TCD,89.0057638986564,Chad,872.301938688,0.102035499350749
2024,CHN,,China,0.20748103,
2024,CYP,0.579106110836294,Cyprus,0.307715954,1.8819502314017
2024,EGY,9.49809164551562,Egypt,185.15845361,0.0512970996480749
2024,ERI,0.05162252244,Eritrea,9.131227933,0.00565340421012136
2024,SWZ,,Eswatini,5.773621245,
2024,ETH,94.4590250110538,Ethiopia,1432.903720754,0.0659214039596108
2024,GMB,0.7843513793673,Gambia,4.113601163,0.190672685145606
2024,GRC,7.57291882931775,Greece,7.692640482,0.984436858454209
2024,HUN,2.43213341887919,Hungary,4.16061361,0.584561232274387
2024,IRQ,16.1515496162904,Iraq,249.469441824,0.0647435994492877
2024,JOR,84.9975028631623,Jordan,517.040155249001,0.164392459657661
2024,LBR,0.665182415606269,Liberia,1.75881189,0.37819986286667
2024,MLI,20.1115701119291,Mali,351.377602383,0.057236346242717
2024,NGA,28.413756017294,Nigeria,647.417220821,0.0438878594876764
2024,MKD,0.587106239652545,"North Macedonia, Republic of",0.816987349,0.718623416104508
2024,PAK,51.4424031529793,Pakistan,186.94379158,0.275175777265463
2024,PHL,4.19075772930465,Philippines,56.601076169,0.0740402482241123
2024,RWA,2.64974282220509,Rwanda,93.792135383,0.0282512260903846
2024,SEN,2.0655442057431,Senegal,7.630558166,0.270693723946263
2024,SRB,2.14144437381307,Serbia,2.238501004,0.956642132385244
2024,ZAF,3.15270909003309,South Africa,4.54367841,0.693867128248869
2024,SDN,119.190994635872,Sudan,2075.845851079,0.057418037362417
2024,SWE,2.06807057070812,Sweden,0.019627746,105.364649140463
2024,TZA,4.25649562738539,"Tanzania, United Republic of",41.003614543,0.103807814867678
2024,THA,4.3751733714545,Thailand,45.680640855,0.095777407881431
2024,UZB,0.355076760605401,Uzbekistan,1.258601314,0.282120125456504
2023,MRT,8.48675145,Mauritania,61.463529251,0.13807784150081
2023,YEM,615.571453561,Yemen,2479.257546768,0.248288627522167
2023,NER,25.85339035,Niger,408.376981199,0.0633076582183797
2023,KEN,82.098687189,Kenya,472.682675001001,0.173686685658251
2023,SEN,4.62685967,Senegal,12.50468,0.370010241765483
2023,BGD,96.03861081,Bangladesh,766.850517579,0.125237720531507
2023,TCD,63.87170936,Chad,619.255647666001,0.10314271593765
2023,JOR,47.86547542,Jordan,457.978918769,0.104514582349461
2023,MAR,5.41046,Morocco,41.5009915,0.130369415390955
2023,TUN,7.854119,Tunisia,19.532052334,0.402114374142246
2023,LBN,316.59843784,Lebanon,979.689783831,0.323161926423247
2023,ZWE,5.05641099,Zimbabwe,78.802209267,0.0641658531789093
2023,BFA,65.51623672,Burkina Faso,477.929594749,0.13708344793841
2023,BDI,13.4884156871,Burundi,98.415897584,0.137055252436095
2023,CMR,4.56330395,Cameroon,201.637437418,0.022631233606387
2023,MWI,24.36903796273,Malawi,80.874436334,0.301319416460466
2022,MRT,15.4656923710564,Mauritania,90.838013347,0.170255731066879
2022,PSE,86.6534746632128,Occupied Palestinian Territory,1145.648214487,0.0756370704091
2022,YEM,257.195671368596,Yemen,3257.775956099,0.0789482379496019
2016,HTI,5.17039057475,Haiti,302.349204368,0.0171007249235455
2016,SOM,46.9204061815301,Somalia,821.856164103001,0.0570907760152173
2016,MMR,3.83515489732679,Myanmar,214.867402336,0.0178489377896864
2016,PSE,5.31946211485992,Occupied Palestinian Territory,791.142396419,0.00672377329155629
2016,LKA,0.9979028946,Sri Lanka,15.549233279,0.0641769839512098
2016,DJI,1.93914831794426,Djibouti,39.709544787,0.0488333051498262
2016,PAK,6.71936491569373,Pakistan,314.313543924,0.0213779044701887
2016,IRQ,29.4453912745343,Iraq,2261.932431774,0.0130178032114959
2017,ETH,80.1136682720383,Ethiopia,1118.822909771,0.0716053162411878
2017,PHL,1.80746079661,Philippines,37.088961814,0.0487331191871684
2017,IRQ,47.6125755227039,Iraq,1759.030745845,0.0270675061451708
2017,LBN,55.4896722939982,Lebanon,1396.638492834,0.0397308770871701
2017,YEM,323.566195167619,Yemen,2844.566704102,0.113748851345627
2017,SOM,513.530756488977,Somalia,1599.925205741,0.320971727082165
2017,SDN,11.8797457009856,Sudan,668.849238656001,0.0177614700210424
2019,CAF,5.12531816418096,Central African Republic,427.078679595,0.0120008757380287
2019,ETH,35.0686796576294,Ethiopia,1001.790814597,0.0350059904190046
2019,IRQ,31.5092920897162,Iraq,1437.173976514,0.0219244799896426
2023,"",,Region - Latin America and the Caribbean,58.380333,
2023,Global,3.003934,Global,3888.46755644801,0.000772523868694433
2016,BHS,0.4942580107,Bahamas,0.926599091,0.533410852115761
2020,Global,,Global,2485.508894968,
2017,COG,,Congo,18.589380573,
2017,LBY,,Libya,179.677137867,
2017,SLE,,Sierra Leone,14.561331943,
2017,DMA,0.75870017619,Dominica,33.969926377,0.0223344663091084
2017,NGA,10.2151331659189,Nigeria,1154.860329246,0.00884534078037668
2017,PSE,6.08896371908441,Occupied Palestinian Territory,408.760768911,0.0148961548714822
2017,ATG,0.8098669969,Antigua and Barbuda,7.487186352,0.108167068218312
2017,MULTI,,Multi-destination_org_country,1492.053893726,
2020,ALB,8.00019077697,Albania,14.583747939,0.548568914550135
2020,DZA,3.2498655969,Algeria,37.969455132,0.0855915784306599
2020,LBY,0.67457655841511,Libya,297.274988239,0.00226920052174982
2021,YEM,141.807846192481,Yemen,3582.964496858,0.0395783565025098
2022,KNA,,Saint Kitts and Nevis,0.000614168,
2023,MULTI,40.60916,Multi-destination_org_country,838.775395336,0.0484148202555854
2019,MMR,26.211923638563,Myanmar,275.414289746,0.0951727074972649
2019,VEN,0.7178144834,"Venezuela, Bolivarian Republic of",229.694014043,0.00312509007424817
2020,BGD,14.7232613585,Bangladesh,934.042626913,0.0157629437182757
2024,LBN,219.201057699879,Lebanon,1514.254593083,0.144758390498647
2017,AFG,15.2699959999309,Afghanistan,457.589801437,0.0333704902337803
2021,AFG,56.8558242082069,Afghanistan,2158.447088669,0.0263410785034656
2021,MOZ,3.72283326008094,Mozambique,346.469654111,0.0107450485660376
2022,BGD,93.4529214084025,Bangladesh,903.861532034999,0.103392962413167
2016,SDN,16.8180394579851,Sudan,942.683564243,0.0178405990047047
2016,SSD,54.4410985670659,South Sudan,1623.787859461,0.033527223553166
2016,MAR,,Morocco,1.985793456,
2016,BOL,0.4037985166,"Bolivia, Plurinational State of",7.522727254,0.0536771443342295
2016,DZA,1.8967527944,Algeria,31.436773884,0.0603354784876755
2016,DMA,,Dominica,0.180430548,
2016,CAF,4.94102599603342,Central African Republic,318.499638662,0.0155134430192461
2016,TUN,,Tunisia,3.035542519,
2016,EGY,23.2752756,Egypt,108.367072974,0.214781805591301
2016,AGO,,Angola,18.436377897,
2016,UKR,1.02442740092,Ukraine,258.639584697,0.00396082990204354
2016,BDI,5.96607382700961,Burundi,98.4740142250001,0.0605852607305915
2016,TGO,,Togo,0.42600202,
2016,CUB,,Cuba,8.765973729,
2016,COL,1.37944597186501,Colombia,67.840023881,0.0203338072858691
2016,TJK,3.7601290323,Tajikistan,22.271586024,0.168830770662137
2016,TZA,7.49054225,"Tanzania, United Republic of",159.982784305,0.0468209269049826
2016,MLI,1.239141893,Mali,258.323392373,0.0047968628842206
2016,GRC,7.319632726164,Greece,535.311218778,0.0136736023259015
2016,NER,0.5341435954,Niger,231.107144313,0.00231123791948458
2016,AFG,22.3631337019238,Afghanistan,613.127142516,0.036473892853863
2016,PRK,,"Korea, Democratic People's Republic of",51.484943701,
2016,GIN,,Guinea,15.50577656,
2016,MLT,,Malta,0.292760249,
2016,MDG,0.628432441260682,Madagascar,79.265582524,0.00792818801363638
2016,TUR,74.56739277286,Türkiye,776.910399755,0.0959793983918544
2017,TUR,138.67458779331,Türkiye,199.952745678,0.693536802023358
2017,PAK,12.6803891430235,Pakistan,164.527916915,0.0770713528791263
2017,HTI,2.6561284745,Haiti,169.765115076,0.0156459027127623
2017,SSD,103.130003733204,South Sudan,1793.866177878,0.0574903551920457
2017,MAR,0.2652766346,Morocco,3.197626275,0.0829604874947433
2017,TUN,,Tunisia,1.52884198,
2017,MLI,2.56447672929419,Mali,229.331369737,0.0111824070655278
2017,NER,0.25953385303516,Niger,377.529177251,0.000687453761653524
2017,COL,10.1834357113899,Colombia,48.639345393,0.209366216364735
2017,BDI,7.48483550118429,Burundi,74.889972201,0.0999444288895643
2017,NPL,,Nepal,30.31574618,
2017,MNG,,Mongolia,3.917405114,
2019,LBN,53.513031967632,Lebanon,1647.502454824,0.0324813063622103
2019,SSD,45.079979353475,South Sudan,1683.27636739,0.0267810920576125
2019,TUR,22.898844227552,Türkiye,1523.717265864,0.0150282764004565
2019,MAR,0.135704088,Morocco,4.302278193,0.0315423786915492
2019,NIC,,Nicaragua,6.327401549,
2019,COL,2.49934239239949,Colombia,426.040841316001,0.00586643849608233
2019,HTI,1.17247155850746,Haiti,103.169747958,0.0113644898985773
2019,BFA,16.4409091854786,Burkina Faso,159.599858419,0.103013306830862
2019,NPL,0.13651264455,Nepal,15.004955247,0.00909783750120105
2019,PER,,Peru,57.245576048,
2019,GRC,0.012866496619488,Greece,4.381547089,0.00293651907833872
2019,BIH,0.11400249238,Bosnia and Herzegovina,8.793097891,0.0129649975234195
2019,TJK,0.79438048902,Tajikistan,5.073244325,0.156582344182684
2019,BOL,,"Bolivia, Plurinational State of",2.734545782,
2020,MMR,37.6080548282045,Myanmar,348.487271177,0.107918015774823
2020,NIC,,Nicaragua,22.761653922,
2020,COL,20.279423515161,Colombia,639.048712497,0.0317337678937209
2020,MAR,3.7203109804,Morocco,12.380750804,0.300491548476853
2020,HTI,5.80860072714,Haiti,193.411235776,0.0300323851602254
2020,BFA,20.56837194038,Burkina Faso,389.956989302,0.052745232178544
2020,PER,7.32769421364,Peru,110.051104949,0.066584467434796
2020,TJK,12.86041639173,Tajikistan,22.113433787,0.581565781036248
2020,TCD,2.0170202345,Chad,382.52170144,0.00527295634968407
2020,VEN,7.92868895697,"Venezuela, Bolivarian Republic of",307.5757651,0.025778002874811
2020,MLI,1.5488203446,Mali,438.263856229,0.00353399059171039
2020,BTN,2.220424866,Bhutan,6.86002975,0.3236756904735
2021,MAR,,Morocco,0.847876982,
2021,HTI,7.94516884792971,Haiti,239.029378434,0.0332392984493473
2021,SSD,27.8876551834698,South Sudan,1704.427706731,0.0163618879658773
2021,CZE,,Czech Republic,0.224266173,
2021,VEN,12.4153565758045,"Venezuela, Bolivarian Republic of",372.307602644,0.0333470401561369
2021,GRC,0.01438719384,Greece,1.453972731,0.00989509193209209
2022,HTI,23.8513842413178,Haiti,245.236308039,0.0972587804474885
2022,LBN,57.5208386358939,Lebanon,1905.048717785,0.030193893782818
2022,Global,7.83318000434614,Global,3997.353380945,0.0019595915741866
2024,Global,16.4820572156587,Global,4067.02208452,0.00405261069970412
2017,TGO,,Togo,1.923102689,
2019,COD,26.4508564961886,Democratic Republic of the Congo,1412.007662269,0.0187327995470534
2019,RWA,,Rwanda,36.60887346,
2019,TZA,0.7553193424,"Tanzania, United Republic of",53.681898985,0.0140702798649328
2019,UGA,0.1445918634,Uganda,259.892397227,0.000556352801939442
2019,MLI,0.08754770335,Mali,331.938667628,0.000263746625169062
2019,NER,2.17833976278,Niger,380.188372218,0.00572963278721986
2020,AFG,28.8881596725378,Afghanistan,853.870721579,0.0338320063476553
2020,VNM,,Viet Nam,18.322995094,
2016,ETH,19.358299948506,Ethiopia,1747.348697685,0.0110786702014046
2021,LTU,,Lithuania,0.218235157,
2021,NAM,1.017343634,Namibia,1.847522816,0.55065281207331
2016,NPL,,Nepal,24.263199788,
2016,IDN,,Indonesia,22.646100632,
2016,VNM,0.76486263404,Viet Nam,10.521474981,0.0726953811534231
2016,KEN,,Kenya,253.57168842,
2016,COD,15.1533580094231,Democratic Republic of the Congo,562.704417451,0.0269295167044652
2016,PRY,,Paraguay,3.729143626,
2016,FSM,,"Micronesia, Federated States of",32.618073781,
2016,NGA,,Nigeria,559.435468136,
2016,CAN,,Canada,0.062231513,
2016,MHL,,Marshall Islands,3.526125941,
2016,IND,,India,28.107784675,
2016,MKD,9.4349058520772,"North Macedonia, Republic of",57.642995451,0.163678271371193
2016,CMR,0.102798746,Cameroon,241.844593575,0.000425061170400406
2016,MWI,,Malawi,214.26242227,
2016,PHL,8.03910817902,Philippines,29.650113519,0.271132458695933
2016,MYS,,Malaysia,0.715799309,
2016,ZAF,,South Africa,7.133683391,
2016,THA,0.5472415222,Thailand,25.985265409,0.0210596856944345
2016,TON,0.146355952221,Tonga,0.870616068,0.168106192385367
2016,ZWE,4.75992077281573,Zimbabwe,298.891325114,0.0159252556794689
2017,FSM,,"Micronesia, Federated States of",17.46787686,
2017,CHL,12.66885495491,Chile,13.804013402,0.917766057302905
2017,PER,2.13265053498,Peru,29.429355446,0.0724667768851821
2017,KEN,76.8840693469063,Kenya,406.760904869,0.189015385762472
2017,BHS,0.1222733516,Bahamas,0.143321487,0.853140405946249
2017,COD,18.9547345543743,Democratic Republic of the Congo,661.036492736,0.0286742634675455
2017,MOZ,1.91501647948703,Mozambique,57.834713089,0.0331118869136616
2017,UKR,0.07399743645,Ukraine,208.562213206,0.00035479790568252
2017,CMR,0.2595216257,Cameroon,181.506839573,0.00142981733531657
2017,MEX,0.90365979541,Mexico,13.010341875,0.0694570368782104
2017,TCD,3.3787908424,Chad,369.078823308,0.00915465919208365
2017,PNG,,Papua New Guinea,4.260003571,
2017,PLW,,Palau,0.390954369,
2017,MYS,,Malaysia,0.692121612,
2017,ISR,,Israel,0.118762884,
2017,IDN,1.04681152,Indonesia,14.661848099,0.0713969693951063
2017,IND,,India,1.564183843,
2017,TLS,,Timor-Leste,5.318890796,
2017,BTN,,Bhutan,1.030410497,
2017,CAF,1.40661792394252,Central African Republic,334.998116961,0.00419888307642719
2017,CRI,12.772861641,Costa Rica,14.157122942,0.90222156672149
2017,CUB,,Cuba,22.774668971,
2017,CHN,,China,0.399154574,
2017,THA,,Thailand,5.451360691,
2017,VUT,0.23511386917,Vanuatu,1.29628197,0.181375560727733
2019,NGA,5.13478349649369,Nigeria,899.497969967,0.00570849926062876
2019,UKR,2.33407852797282,Ukraine,213.515446387,0.0109316612332686
2019,LBY,0.1256807963,Libya,171.582802734,0.000732478979812676
2019,CMR,1.20790330304,Cameroon,231.413460511,0.00521967607403971
2019,BHS,0.2351881861,Bahamas,35.420815761,0.00663982974550669
2019,KEN,1.175940931,Kenya,238.021647044,0.00494047892535849
2019,FSM,,"Micronesia, Federated States of",17.227201756,
2019,PRY,,Paraguay,2.946790154,
2019,SEN,0.5267037489,Senegal,6.150642495,0.0856339397596543
2020,ZMB,0.2403283482,Zambia,72.053729502,0.00333540470231078
2020,COD,33.5433650442187,Democratic Republic of the Congo,1484.33218488,0.0225982872202764
2020,FSM,2.9224204129,"Micronesia, Federated States of",25.595088403,0.114178953668215
2020,NGA,10.8410009216489,Nigeria,948.144223850001,0.0114339154834782
2020,BHS,0.3089934363,Bahamas,5.326491432,0.0580106886953123
2020,CAF,3.77339627744656,Central African Republic,559.459780775001,0.00674471411013569
2020,ETH,47.226515967733,Ethiopia,1299.382580899,0.0363453509858955
2020,YEM,154.019290172051,Yemen,2553.925187518,0.0603068918873588
2020,MULTI,,Multi-destination_org_country,412.710295978,
2020,CMR,4.44074357969468,Cameroon,258.207607341,0.0171983452595572
2020,UKR,9.48886179621336,Ukraine,277.19811907,0.0342313354363605
2020,BRA,1.813253086,Brazil,82.686563104,0.0219292351493599
2020,BDI,,Burundi,139.603204862,
2020,IRQ,32.8837330850616,Iraq,1389.179793247,0.0236713298342764
2020,HND,2.200643325,Honduras,49.784072079,0.044203763033042
2021,ETH,29.6782061833791,Ethiopia,1944.691786148,0.0152611361835209
2021,TZA,0.105845449,"Tanzania, United Republic of",39.176896067,0.00270173136787008
2021,BOL,0.02214139202,"Bolivia, Plurinational State of",5.197286784,0.00426018284928261
2021,BFA,6.57272716392346,Burkina Faso,426.845267475,0.0153983835941403
2021,MMR,18.9645223474337,Myanmar,382.726633761,0.0495510912346811
2021,CMR,3.62732612816893,Cameroon,271.735546658,0.0133487361987801
2021,CAF,1.10788916503544,Central African Republic,654.055467027,0.0016938764690269
2021,COL,20.7147973076032,Colombia,536.892646034,0.0385827547846341
2021,DJI,1.55831305918,Djibouti,26.421600313,0.0589787537741715
2021,DOM,,Dominican Republic,8.008941542,
2021,COD,28.4121723715782,Democratic Republic of the Congo,1227.670214358,0.0231431633994933
2021,ECU,,Ecuador,101.939448005,
2021,GNQ,0.5875220524,Equatorial Guinea,1.360727118,0.431770664836563
2021,HND,0.37230340866588,Honduras,189.521278407,0.00196444120573286
2021,IRQ,17.5119461481396,Iraq,1020.95728184,0.0171524768564059
2021,KEN,55.4404286146002,Kenya,241.170599031,0.229880544466674
2021,KIR,0.03006996118,Kiribati,0.673774722,0.044629102574139
2021,GTM,6.7908445716366,Guatemala,131.754074876,0.0515418181792691
2021,LBY,0.1142415877,Libya,243.568868687,0.000469031975702967
2021,MDG,16.6322612565278,Madagascar,160.413615703,0.103683600569928
2021,MWI,1.1007658115,Malawi,14.453605177,0.0761585637645372
2021,MLI,2.7552719207,Mali,415.856581698,0.00662553399888452
2021,NER,5.53250306127051,Niger,597.806271057,0.00925467551802079
2021,NGA,12.7023072600228,Nigeria,922.360474217,0.0137715216719427
2021,PNG,0.519695331932,Papua New Guinea,8.378959753,0.0620238486938583
2021,PER,,Peru,145.843239817,
2021,COG,,Congo,11.873472321,
2021,LKA,0.7815884892,Sri Lanka,10.659243015,0.073324952635016
2021,VCT,1.37686510448,Saint Vincent and the Grenadines,11.920298861,0.115505921498724
2021,UGA,1.4283606344,Uganda,238.28447195,0.00599435046149259
2021,UKR,9.16760964068629,Ukraine,195.98276832,0.0467776311115141
2021,VUT,0.01571496042,Vanuatu,0.996994384,0.0157623359491261
2021,BGD,15.62303469361,Bangladesh,870.580622149,0.017945534619235
2021,BDI,10.1622486727405,Burundi,110.565330679,0.0919117105726767
2021,TCD,2.4930621464,Chad,396.982916904,0.00628002374974458
2021,CRI,1.017343634,Costa Rica,19.190927631,0.0530116966496522
2021,ZWE,1.68161782552483,Zimbabwe,181.963484796,0.0092415125342873
2021,RWA,2.4123252236,Rwanda,35.508743851,0.0679360901563423
2021,MNG,,Mongolia,11.655488808,
2021,JOR,14.5833651077531,Jordan,742.098614255,0.019651519121072
2021,BHS,,Bahamas,0.426821989,
2021,BRA,0.09024998049,Brazil,71.683023719,0.00125901469842822
2021,TLS,0.45584291358,Timor-Leste,18.206211957,0.0250377681341195
2021,NIC,0.5881069488,Nicaragua,42.526855993,0.0138290718904027
2021,ARG,,Argentina,12.815653123,
2021,BRB,,Barbados,0.259585902,
2021,CHL,0.008652830161,Chile,12.937468261,0.00066881943100753
2021,CUW,,Curaçao (Netherlands),0.126535558,
2021,TTO,,Trinidad and Tobago,7.005298995,
2022,CAF,8.65362905950228,Central African Republic,676.549784766001,0.0127908237565922
2022,MULTI,6.55108988999825,Multi-destination_org_country,1836.87054673,0.00356644070626562
2022,VCT,,Saint Vincent and the Grenadines,1.244882446,
2022,IRQ,41.9457593882254,Iraq,727.374689275,0.0576673343281084
2022,NER,35.2491997536094,Niger,711.125556639001,0.0495681802243306
2022,MOZ,26.3582058794332,Mozambique,417.134844123,0.0631886936581616
2022,COD,143.325010034364,Democratic Republic of the Congo,1237.330077321,0.115834095251837
2022,ETH,176.930215020702,Ethiopia,2613.757766721,0.0676918945104325
2022,SSD,55.8057588948257,South Sudan,1715.594400917,0.032528527060357
2022,CMR,4.46166232184933,Cameroon,315.668956753,0.0141339914058778
2022,DJI,28.7938254997554,Djibouti,85.211811938,0.337908851424327
2022,BRA,9.39323773993523,Brazil,39.224557908,0.239473387105261
2022,MYS,2.29057414959299,Malaysia,9.766400776,0.23453616149174
2022,TON,1.29741704884653,Tonga,10.207188491,0.127108169893257
2022,UKR,546.598630142911,Ukraine,4875.043389639,0.112121797993553
2022,COL,60.1063913412096,Colombia,557.139755412,0.107883867121924
2022,DOM,1.64853663274368,Dominican Republic,11.830428109,0.139347166269457
2022,FRA,0.164037456557282,France,0.005265906,31.1508516402081
2022,HND,5.0454378464154,Honduras,116.186684827,0.0434252673094853
2022,MHL,,Marshall Islands,1.804904466,
2022,TZA,4.77330267494225,"Tanzania, United Republic of",108.507805826,0.0439904082347456
2022,THA,5.13929252176489,Thailand,42.52403381,0.120856185580314
2022,CHL,1.213708119006,Chile,12.613521306,0.0962227826442617
2022,CRI,4.19560743002878,Costa Rica,23.961117245,0.175100659419555
2022,MDG,10.0767657240726,Madagascar,272.127540293,0.0370295697128743
2022,MWI,30.6440158987568,Malawi,59.030072533,0.519125499661645
2022,NGA,60.1740565752483,Nigeria,1074.821695499,0.0559851525394747
2022,VEN,21.6515050049378,"Venezuela, Bolivarian Republic of",406.848988545,0.0532175465947926
2022,MLI,8.47432255900806,Mali,478.739845737,0.0177013102929885
2022,TCD,21.4010812820986,Chad,436.803429066,0.0489947648255869
2022,AGO,3.28787228953398,Angola,28.577794243,0.115049897188595
2022,BFA,50.5499163184873,Burkina Faso,493.415323004,0.102449020048122
2022,MMR,27.9119743019056,Myanmar,563.674323287,0.0495179098085225
2022,BDI,17.6562502899221,Burundi,141.805052589,0.12451072770373
2022,ARG,6.43632110458229,Argentina,8.968045826,0.717694939283452
2022,GBR,,United Kingdom,0.049777993,
2022,KIR,0.02491717152,Kiribati,1.134678964,0.0219596663995262
2022,MDV,0.196004606220914,Maldives,0.973771052,0.201284075777715
2022,FSM,,"Micronesia, Federated States of",2.876015791,
2022,BOL,0.645277159411302,"Bolivia, Plurinational State of",5.264916738,0.122561702591412
2022,DNK,,Denmark,7.747028856,
2023,ITA,2.446414,Italy,0.021474,113.924466797057
2023,CHE,0.036589,Switzerland,32.558219,0.00112380225711978
2023,PHL,3.40167766,Philippines,39.953401583,0.0851411275441288
2023,THA,4.8905955,Thailand,56.996178,0.0858056745489145
2023,AGO,4.79341841,Angola,21.616433,0.221748815357279
2023,COD,109.10594864,Democratic Republic of the Congo,1173.393723267,0.0929832386832817
2023,ETH,103.452148638,Ethiopia,1997.270859038,0.0517967546413952
2023,HTI,15.21479434,Haiti,327.527461583,0.046453492071975
2023,PER,7.825887,Peru,123.40795315,0.0634147702821696
2023,FSM,0.017316,"Micronesia, Federated States of",16.233344,0.00106669334426721
2023,MOZ,25.35562753705,Mozambique,331.982075534,0.0763764956173159
2023,SSD,68.0031108277333,South Sudan,1527.203929944,0.0445278521711419
2023,BEL,0.109808,Belgium,0.148467,0.739612169707747
2023,PAK,62.806225779,Pakistan,490.849449916,0.127954153335097
2023,UKR,526.15760452,Ukraine,4092.8490473,0.128555340898072
2023,MMR,43.81034941891,Myanmar,531.672599892,0.0824009915647511
2023,PNG,1.439303,Papua New Guinea,10.915485,0.131858822580948
2023,COL,56.2757965974,Colombia,476.161545635001,0.118186353167918
2023,MNG,0.851662,Mongolia,3.827937,0.222485897756416
2023,CHL,0.6370029,Chile,20.850917,0.0305503542122392
2023,NOR,,Norway,0.003508,
2023,VEN,18.11002057,"Venezuela, Bolivarian Republic of",503.482077416,0.0359695436686551
2023,NGA,30.34782861,Nigeria,717.725791599,0.0422833190129464
2023,VUT,1.262619,Vanuatu,11.993048,0.105279241774068
2023,FRA,0.087575,France,0.684343,0.127969453914192
2023,MDA,27.39265466,"Moldova, Republic of",203.817109333,0.134398209991515
2023,BIH,5.97666862,Bosnia and Herzegovina,48.228617917,0.1239236967206
2023,ECU,6.95713752,Ecuador,92.1090692,0.0755315147620665
2023,IRQ,24.936647,Iraq,311.86759607,0.0799590830026562
2023,DNK,,Denmark,0.003943,
2023,IDN,6.416789,Indonesia,15.418531,0.416173823563347
2023,HND,11.5588261952,Honduras,77.456294667,0.149230301357607
2023,GBR,,United Kingdom,0.003638,
2023,AFG,121.254378731,Afghanistan,2283.897273549,0.0530909950002174
2023,CAF,16.02075308,Central African Republic,519.899710699,0.030815083660001
2023,DOM,1.18880489,Dominican Republic,15.892933967,0.07480084498359
2023,MDG,14.2344517241,Madagascar,152.709487083,0.093212622188714
2023,SLV,6.654233,El Salvador,40.02633,0.166246393311603
2023,CAN,,Canada,0.2,
2023,GTM,10.8682931707,Guatemala,73.776325,0.147314103415967
2023,DEU,,Germany,0.003956,
2023,ARM,7.65500042,Armenia,61.687882833,0.124092448442807
2023,CUB,0.290623,Cuba,14.470662333,0.0200836004124871
2023,MEX,9.635323,Mexico,95.90791725,0.100464312814592
2024,LBY,5.68950583072464,Libya,113.280198515,0.0502250693881973
2024,COD,167.430464069146,Democratic Republic of the Congo,1538.900583708,0.108798752721063
2024,KEN,29.3065286345076,Kenya,405.468970911,0.0722781044592938
2024,CHE,,Switzerland,18.484859063,
2024,PER,8.41557062241297,Peru,102.812723051,0.0818533968625503
2024,MOZ,20.6509814751211,Mozambique,260.5064231,0.079272446450174
2024,DNK,,Denmark,0.691287461,
2024,ITA,2.65002704767072,Italy,0.057958526,45.7228164786441
2024,AFG,155.488464335888,Afghanistan,1843.660787531,0.0843368071759641
2024,BGD,96.467960930293,Bangladesh,685.435271762,0.140739709356231
2024,ARM,8.88556504959729,Armenia,41.901692428,0.212057426197413
2024,BFA,34.7902026822938,Burkina Faso,551.664546717,0.0630640538518075
2024,BDI,14.6116370958425,Burundi,66.577234661,0.219468969689752
2024,FSM,0.031318268932794,"Micronesia, Federated States of",2.074845867,0.0150942628707533
2024,IDN,6.41549569155873,Indonesia,41.989723822,0.152787280020104
2024,MULTI,20.6316867440259,Multi-destination_org_country,251.409193862,0.0820641696792949
2024,PNG,1.84408683383177,Papua New Guinea,13.920899619,0.132468941253973
2024,CMR,7.50242383455166,Cameroon,218.352883531,0.0343591699510876
2024,DEU,,Germany,0.009988214,
2024,PSE,193.055057351538,Occupied Palestinian Territory,3992.092759582,0.0483593616125674
2024,LKA,5.02876500477078,Sri Lanka,22.386681945,0.224631994018834
2024,DZA,9.16420299787464,Algeria,52.264161964,0.175343919303385
2024,AGO,1.13617101121523,Angola,9.738516773,0.116667767556273
2024,CHL,4.15683299981833,Chile,13.006323517,0.319600922919157
2024,HTI,24.5203105111786,Haiti,371.954074372,0.0659229517853198
2024,MWI,6.24842420502565,Malawi,58.857110902,0.10616260481133
2024,CAF,24.557657336529,Central African Republic,305.047851171,0.0805042790573956
2024,FJI,1.10544485330445,Fiji,1.599426113,0.691150934900639
2024,SSD,43.0283930406382,South Sudan,1469.860209648,0.0292737994798448
2024,SOM,122.664342712966,Somalia,1070.908745888,0.114542292407233
2024,CRI,4.13648368498268,Costa Rica,22.983674965,0.17997486003791
2024,SLV,5.13876186889116,El Salvador,37.399589579,0.1374015577908
2024,MDG,13.7216204612586,Madagascar,136.105197001,0.100816285958263
2024,BRA,10.4828881386811,Brazil,62.058020685,0.168920761941332
2024,JPN,0.0427416075260306,Japan,0.252179178,0.169489042929748
2024,VEN,17.1955091954567,"Venezuela, Bolivarian Republic of",224.38070699,0.0766354176619251
2024,UGA,27.6012561728995,Uganda,377.632000781,0.0730903528191888
2024,TUN,1.69612917640338,Tunisia,9.546434344,0.177671486052738
2024,NER,28.2409316926364,Niger,477.826272906,0.0591029277667871
2024,PAN,4.12019604629278,Panama,20.142283447,0.204554565878003
2024,GBR,0.0290271418211793,United Kingdom,2.499238782,0.0116143931625255
2024,BRB,0.766346296434619,Barbados,0.721017247,1.06286819021767
2024,VCT,0.68404112808,Saint Vincent and the Grenadines,2.608218704,0.262263715474069
2024,GRD,0.47472914869,Grenada,3.173948253,0.149570538285017
2024,VUT,0.576514556133,Vanuatu,7.980660121,0.0722389561003834
2024,MYS,1.99426602412038,Malaysia,9.225851417,0.216160648376111
2024,ZWE,17.8533396092673,Zimbabwe,130.173145651,0.137150711999638
2024,NIC,0.348924663747491,Nicaragua,17.48018278,0.019961156478679
2024,CPV,,Cape Verde,0.006926411,
2024,BOL,0.521927702074273,"Bolivia, Plurinational State of",4.436547892,0.11764275170238
2024,MMR,50.6242093148242,Myanmar,477.653865531,0.10598513477651
2024,GHA,6.79815562435409,Ghana,12.284560153,0.553390234545266
2024,BGR,5.14326395948928,Bulgaria,5.819593321,0.883784085209153
2024,COL,56.2890566774058,Colombia,494.106568639,0.113920883165857
2024,NAM,0.621646708954238,Namibia,10.398653905,0.0597814596613636
2024,VNM,2.10253685183818,Viet Nam,10.66982622,0.197054460727494
2024,CAN,,Canada,0.002221882,
2024,BEL,0.093458607974978,Belgium,0.005114723,18.2724671453328
2024,YEM,769.936027466959,Yemen,2567.569069666,0.299869645791891
2016,KGZ,0.4711088096,Kyrgyzstan,2.239369596,0.210375638948346
2017,DJI,2.26310398313,Djibouti,23.196461478,0.0975624659509544
2019,MYS,1.0520590814,Malaysia,2.668996765,0.394177728199682
2019,DJI,6.45952803053,Djibouti,31.792648094,0.203176785130681
2023,BGR,6.438652,Bulgaria,10.571728,0.609044424903857
2023,DJI,16.851886,Djibouti,66.995639333,0.251537057751448
2024,KGZ,1.04176242973115,Kyrgyzstan,4.24806927,0.245231977992476
2024,"",0.587217542489887,Region - Europe,97.951294066,0.00599499524829368
2016,SRB,0.05549879713,Serbia,32.97061208,0.00168328076516558
2017,MDA,,"Moldova, Republic of",0.046497658,
2019,ALB,0.192760545759,Albania,5.482381181,0.0351600042746097
2017,ALB,0.1297613827,Albania,0.368308848,0.352316767312633
2020,ESP,,Spain,0.070237508,
2020,ARM,4.169665785284,Armenia,11.911752345,0.350046379786785
2020,BLR,2.1458231286,Belarus,4.888246162,0.438976078021825
2024,TWN,0.2441628238,"Taiwan, Province of China",1.445762327,0.168881716752604
2016,SLE,,Sierra Leone,28.505189402,
2017,UGA,,Uganda,410.855816849,
2020,NER,6.2777682039,Niger,663.024892238,0.00946837483387656
2016,LBY,4.27693768414,Libya,131.816254423,0.0324462085716323
2017,MDG,0.001765301016,Madagascar,67.342562189,2.62137489073493e-05
2017,PRT,,Portugal,0.24979688,
2019,CUB,0.5665029677,Cuba,3.726396836,0.152024326080122
2019,MWI,0.3597179582,Malawi,74.791158361,0.00480963212875676
2019,TUN,0.198059588436,Tunisia,2.230177818,0.08880887740764
2019,BRA,,Brazil,58.721648683,
2020,UGA,0.01079317313,Uganda,281.318847882,3.83663348945864e-05
2020,GTM,0.7288998066,Guatemala,63.112678022,0.0115491820256133
2020,MEX,1.554216931,Mexico,12.084532613,0.128612084618651
2024,GIN,5.64022121880926,Guinea,8.20412173,0.687486290968193
2019,MDG,,Madagascar,60.498680971,
2019,PRK,,"Korea, Democratic People's Republic of",56.583755822,
2019,CHL,0.0699678293,Chile,2.330892503,0.0300176130859519
2020,BEN,2.45064041283,Benin,7.059251715,0.347153000313433
2021,ARM,0.1101074035,Armenia,13.096889416,0.00840714157405084
2016,PNG,0.7658608599,Papua New Guinea,19.726520704,0.0388239199092369
2016,VUT,0.08950554658,Vanuatu,4.38544857,0.0204096673695571
2016,FJI,6.80915909569,Fiji,51.08378156,0.133293951382443
2019,VUT,0.024577391036,Vanuatu,1.136274727,0.021629796432144
2020,VUT,5.69626149484,Vanuatu,14.329592497,0.397517340149942
2020,TLS,3.73783255547,Timor-Leste,11.428005192,0.327076553840439
2020,FJI,12.8081180878068,Fiji,39.173109008,0.326962000519058
2020,WSM,9.5605602843916,Samoa,12.208208945,0.783125545070821
2021,MULTI,,Multi-destination_org_country,247.078772433,
2021,ZMB,0.14795298796,Zambia,43.179905938,0.00342643145569698
2021,FJI,1.8765039147281,Fiji,11.27352992,0.166452205125127
2021,MHL,,Marshall Islands,27.33103442,
2021,LAO,0.214486533,Lao People's Democratic Republic,37.090519195,0.00578278594247648
2021,KHM,0.02002132271,Cambodia,23.947340042,0.000836056224820195
2024,TGO,1.64624578514822,Togo,10.14147823,0.162327990832577
2016,SVN,,Slovenia,2.208252327,
2019,HND,,Honduras,6.416477347,
2019,ERI,,Eritrea,10.356951706,
2020,BIH,10.254209555041,Bosnia and Herzegovina,26.41073419,0.388259163159637
2020,STP,,São Tomé and Príncipe,1.426566422,
2020,CPV,,Cape Verde,0.74407719,
2022,DZA,8.01760631049768,Algeria,51.992064419,0.154208270052222
2020,NIU,,Niue,0.499703784,
2022,ALB,2.13341028397865,Albania,5.885456739,0.362488482812489
2022,BEN,0.640996846049827,Benin,3.797607567,0.168789648414409
2022,BIH,1.729398586414,Bosnia and Herzegovina,33.601292226,0.0514682166025696
2022,EGY,9.8727432440258,Egypt,193.738714599,0.0509590623869906
2022,TUR,22.3311892903338,Türkiye,1264.891425584,0.0176546293528897
2023,KHM,1.65870139,Cambodia,18.25421845,0.0908667437361582
2017,BFA,1.07423600003772,Burkina Faso,49.803501013,0.0215694876502219
2017,MRT,0.2595216257,Mauritania,34.681455494,0.0074830084840268
2017,SEN,0.605617615408903,Senegal,8.65031593,0.070011040094914
2017,IRN,,"Iran, Islamic Republic of",34.196967147,
2017,DZA,1.6605395978,Algeria,29.187805388,0.0568915537062851
2017,GRC,0.78246796514,Greece,432.594830366,0.00180877789149257
2017,KNA,0.47369286302,Saint Kitts and Nevis,0.641046297,0.738937055306007
2019,Global,,Global,131.158806225,
2019,EGY,0.398079109799744,Egypt,81.686143482,0.00487327584374776
2019,IRN,3.786538881379,"Iran, Islamic Republic of",29.301688556,0.129225961641847
2019,ZWE,0.2484970615,Zimbabwe,356.633198873,0.000696786116057837
2019,DZA,1.8390800068,Algeria,24.500119297,0.0750641245663319
2019,COM,0.31591258454,Comoros,6.051018951,0.052208163137184
2019,BDI,8.6197704060223,Burundi,110.773177918,0.0778145988770233
2019,LAO,0.1207448609,Lao People's Democratic Republic,12.883583107,0.00937199379219249
2019,ZMB,0.3776596712,Zambia,6.506618994,0.0580423829254878
2019,LSO,,Lesotho,11.110981574,
2019,SWZ,,Eswatini,2.46033084,
2020,EGY,0.168093862355534,Egypt,113.371457481,0.00148268237959016
2020,MRT,15.63845036322,Mauritania,98.176607396,0.159288966873153
2020,IRN,10.1357749876,"Iran, Islamic Republic of",104.310166745,0.0971695789958638
2020,PAK,21.3426007499486,Pakistan,172.625191143,0.123635493803849
2020,PHL,17.4176275241204,Philippines,71.787257948,0.242628399830191
2020,ZWE,2.9497282400594,Zimbabwe,365.940213295,0.008060683502093
2020,LSO,,Lesotho,19.429311024,
2020,MDG,1.9748916472,Madagascar,61.971310598,0.0318678373612408
2020,MOZ,2.05870690396508,Mozambique,228.02141674,0.00902856816433389
2020,MWI,,Malawi,43.209204931,
2020,TZA,0.25903615522,"Tanzania, United Republic of",74.087809226,0.00349633978823462
2020,BWA,3.16123573376,Botswana,5.516967193,0.57300245282789
2020,COM,3.76811260382,Comoros,5.029132576,0.749256963676433
2020,MUS,0.7123494267,Mauritius,2.19480399,0.32456175127511
2020,NAM,1.294662704,Namibia,7.893113346,0.164024339604359
2020,SWZ,,Eswatini,7.92914308,
2020,KEN,5.871426518,Kenya,232.169190534,0.0252894301112712
2020,AZE,2.139457316,Azerbaijan,7.629430438,0.280421629554937
2020,KHM,15.64901931885,Cambodia,34.823658102,0.449378961653407
2020,LAO,11.2517458463,Lao People's Democratic Republic,24.809739359,0.453521324165718
2020,ZAF,1.165662698,South Africa,9.124586907,0.127749640600798
2020,DJI,4.39578661039,Djibouti,38.155109126,0.115208335425637
2021,LSO,0.2990990283,Lesotho,6.784858019,0.0440833142657395
2021,TUR,9.19302496172,Türkiye,1618.005892052,0.00568170054687573
2021,MRT,61.79581050964,Mauritania,166.150772084,0.371926111052907
2021,SWZ,0.2990990283,Eswatini,11.310361813,0.0264446914471135
2021,ZAF,0.5399124051,South Africa,2.427720827,0.222394765944808
2021,BLR,0.3224779281,Belarus,1.435151984,0.224699496426296
2021,BWA,,Botswana,0.87165928,
2021,GIN,0.4693840403,Guinea,18.198405921,0.0257925909740455
2021,DZA,3.9996752446,Algeria,41.330830526,0.0967721962926422
2021,LBR,0.105845449,Liberia,3.894844624,0.0271757821474524
2021,PAN,,Panama,12.833683546,
2021,TUN,17.84708008563,Tunisia,39.526091409,0.45152656003741
2021,PRK,,"Korea, Democratic People's Republic of",11.101076698,
2021,SLE,0.639209935,Sierra Leone,7.693106362,0.0830886646982251
2022,BLR,1.61340984879154,Belarus,26.096828695,0.0618239812832376
2022,BWA,0.0671340536934504,Botswana,2.523132252,0.0266074256076888
2022,UGA,13.0214964382182,Uganda,429.508764323,0.0303171844671038
2022,GIN,9.78491603305526,Guinea,26.590042679,0.367991738530871
2022,LBR,3.16958779890166,Liberia,6.53340188,0.485135899661151
2022,PAN,5.52237567371703,Panama,37.637424037,0.14672565445202
2022,PRK,,"Korea, Democratic People's Republic of",4.085053294,
2022,LSO,0.612861436256439,Lesotho,7.226783409,0.0848041793383763
2022,SLE,,Sierra Leone,15.733193252,
2022,ZWE,6.22661790239615,Zimbabwe,116.822676446,0.053299736761932
2022,KHM,1.69600034076327,Cambodia,17.896083355,0.0947693585864652
2022,MDA,17.123100066509,"Moldova, Republic of",257.916060858,0.0663902046640532
2022,CUB,,Cuba,11.799294742,
2023,DZA,8.56882257,Algeria,52.6202059,0.162842817192397
2023,EGY,7.58664939,Egypt,143.1318687,0.0530046135700316
2023,UGA,19.44684104,Uganda,349.703510367,0.0556095105239044
2017,KIR,,Kiribati,0.275037458,
2024,MRT,4.41898373165111,Mauritania,57.166612197,0.0773000806208876
2024,NPL,12.9142750111547,Nepal,52.724270125,0.24493985370565
2022,ERI,,Eritrea,9.971697836,
2022,MAR,2.08393619130526,Morocco,12.221872507,0.170508748975388
2022,SEN,2.27648837430741,Senegal,17.090629965,0.13320096327458
2022,COG,1.3241809912707,Congo,31.66143955,0.0418231454441463
2022,CIV,0.595622557855343,Côte d'Ivoire,5.5556106,0.107210998167392
2023,COG,1.8594096,Congo,16.176902,0.114942255321816
2023,ERI,0.105723,Eritrea,10.883431,0.00971412415808948
2023,GAB,,Gabon,0.254955,
2023,TGO,1.874965,Togo,16.744201,0.111976976387228
2024,MAR,2.67913599629442,Morocco,6.938099745,0.386148382808299
2024,GNB,0.171206210600639,Guinea-Bissau,3.883680219,0.0440834983691635
2024,CIV,6.44468668813883,Côte d'Ivoire,19.22402914,0.335241204702982
2024,COG,2.86654692986068,Congo,21.289633073,0.134645201259767
2024,GAB,,Gabon,0.087375888,
2021,VNM,3.771489827,Viet Nam,11.619898009,0.32457168075648
2018,VNM,0.191968799,Viet Nam,2.992455561,0.0641509272524833
2021,VAT,,Holy See (Vatican City State),0.615704358,
2024,ZMB,9.61058589211879,Zambia,60.044429359,0.160057910362642
2016,ZMB,1.687457481,Zambia,7.478154029,0.225651607931062
2023,ZMB,1.338911,Zambia,12.96323525,0.103285250493313
2017,VNM,1.2828761099,Viet Nam,9.334480345,0.137434121931294
2019,VNM,0.8111605261,Viet Nam,4.499413726,0.180281382308251
2024,USA,,United States,6.633422381,
2022,POL,19.8710091745371,Poland,343.884756853,0.0577839196956071
2023,POL,26.5184501,Poland,114.9435,0.230708566382614
2024,POL,27.2518196444395,Poland,66.005582815,0.412871434236415
2024,MDA,18.9486739668769,"Moldova, Republic of",157.154654987,0.120573418384866
2024,TUR,77.3537081067419,Türkiye,299.169721417,0.258561286684898
2020,MNG,13.877319573,Mongolia,20.770529314,0.668125465808242
2019,MNG,0.2086414202,Mongolia,1.519593078,0.137300849300131
2024,MNG,4.45589832214434,Mongolia,9.778520677,0.455682251879369
2016,BGD,0.48421552472,Bangladesh,195.977994847,0.00247076476671795
2017,TJK,40.0216216127,Tajikistan,66.001112052,0.606377989224914
2018,Global,,Global,37.222790965,
2020,GIN,1.3869950615,Guinea,11.665022393,0.118902048772089
2020,SLE,7.70982151834,Sierra Leone,34.701870768,0.222173080232018
2020,LBR,,Liberia,14.884145273,
2020,KGZ,10.34210088399,Kyrgyzstan,16.920891498,0.611203073148504
2021,KGZ,4.8304981395,Kyrgyzstan,17.060356668,0.283141685341229
2019,GHA,0.244623767538,Ghana,0.56293916,0.434547434109931
2020,GHA,5.752786364748,Ghana,20.048537701,0.286942940704402
2021,GHA,1.301722716768,Ghana,5.029495246,0.258817764626236
2022,GHA,3.21958487803015,Ghana,8.160776294,0.394519438107532
2019,KGZ,1.1413540247,Kyrgyzstan,1.213805798,0.940310242858141
2022,KGZ,5.41080426312153,Kyrgyzstan,10.779345719,0.501960360505395
2020,SEN,0.606063654308,Senegal,28.32251012,0.0213986561127584
2021,SEN,3.0317796588,Senegal,12.04231543,0.25176052532615
2020,TUN,13.60524064129,Tunisia,31.534181226,0.431444233283991
2021,ALB,2.20893890256,Albania,7.837437398,0.281844535450285
2023,ALB,4.117593,Albania,6.16277,0.668139976017278
2024,ALB,3.78290373005175,Albania,6.960564568,0.543476566174388
2024,MNE,1.02141418012192,Montenegro,0.717042951,1.42448116768659
2020,THA,3.17410313652,Thailand,46.815511706,0.0678002444243966
2023,TJK,2.78282609,Tajikistan,12.2272215,0.227592678352968
2020,PNG,7.101787776,Papua New Guinea,24.730448229,0.287167774325745
2022,FJI,2.42504069703961,Fiji,13.497856629,0.179661168709514
2023,TON,0.25,Tonga,1.765167,0.141629658836813
2020,TKL,0.5216314459,Tokelau,0.575505669,0.906388023607809
2021,TKL,0.2481508404,Tokelau,0.341866487,0.725870624458138
2023,GIN,0.8761436,Guinea,9.591278,0.0913479517536662
2020,CRI,3.369801342,Costa Rica,11.251534834,0.299497036779116
2020,ECU,,Ecuador,147.838646175,
2022,SVK,4.90287891322466,Slovakia,80.146610808,0.0611738770210763
2024,HND,7.68829483883013,Honduras,75.832527415,0.101385185235292
2024,IND,5.93121629122415,India,7.932549602,0.747706171257818
2020,LKA,6.5592465899,Sri Lanka,19.691967894,0.333092488531761
2024,ECU,5.39861596719565,Ecuador,116.778217969,0.046229648483151
2017,DOM,0.1829649525,Dominican Republic,1.572614154,0.116344465064506
2024,"",0.587217542489887,Region - West and Central Africa,110.259548841,0.00532577494341724
2021,BEN,0.4788707697,Benin,1.910494554,0.250652779248906
2021,PLW,,Palau,0.319793241,
2024,JAM,0.69151227149314,Jamaica,5.2031509,0.132902597826471
2022,CHE,,Switzerland,68.512865593,
2023,GRC,8.679334,Greece,1.278448,6.78896130307998
2024,KHM,3.47068592662972,Cambodia,16.015397741,0.216709318292148
2022,GTM,13.6704373914597,Guatemala,99.925743697,0.136805960963492
2024,GTM,7.86199399564469,Guatemala,88.94545988,0.0883911782147356
2021,CPV,0.02800956586,Cape Verde,0.138993987,0.201516385453423
2022,CPV,0.02968664011,Cape Verde,4.892957118,0.00606721853351015
2024,"",0.587217542489887,Region - Southern and Eastern Africa,101.238082641,0.00580036214802899
2022,LAO,0.675270902977608,Lao People's Democratic Republic,11.856728547,0.0569525481080922
2022,PER,9.71419033640467,Peru,119.698160729,0.0811557193297052
2021,BIH,0.86719490405,Bosnia and Herzegovina,200.155999118,0.00433259511516691
2024,BIH,4.07453530410245,Bosnia and Herzegovina,46.046339032,0.0884877145449248
2023,GNB,0.60290831,Guinea-Bissau,0.824758,0.731012381813817
2024,DJI,6.16273402936846,Djibouti,29.205637998,0.211011792647381
2024,DOM,1.59285034847055,Dominican Republic,13.170496767,0.120940794918351
2023,KGZ,1.7026396,Kyrgyzstan,9.593756,0.177473723534349
2023,UZB,0.400288,Uzbekistan,5.269692,0.0759604166619226
2022,NIU,,Niue,0.104089837,
2019,LKA,0.5664889507,Sri Lanka,6.475077982,0.0874875873734304
2023,MYS,2.626019,Malaysia,4.276316,0.614084412845075
2022,ECU,9.86241330967107,Ecuador,104.387937525,0.094478476570237
2021,WSM,,Samoa,0.093591994,
2022,ROU,9.99758152555013,Romania,138.155737608,0.0723645770971673
2024,ROU,11.2098818357798,Romania,24.908651476,0.450039691895035
2023,LBR,1.14166335,Liberia,10.575178,0.107956892073117
2023,MKD,0.828646,"North Macedonia, Republic of",1.59913,0.518185513372896
2024,TJK,2.83204449256552,Tajikistan,4.393838341,0.644549087329637
2023,BRA,8.31371009,Brazil,51.5111835,0.161396215833403
2023,MDV,0.706557,Maldives,0.706557,1
2024,MDV,0.5406762364,Maldives,0.540676237,0.999999998890279
2020,COG,,Congo,22.765698772,
2023,ROU,16.31164317,Romania,53.123023,0.307054121712915
2023,ISR,,Israel,1.294106,
2023,NIC,0.535394,Nicaragua,16.557666667,0.0323351116294096
2023,SLE,2.10280156,Sierra Leone,17.244465,0.12194066675887
2024,CUB,0.13640634358905,Cuba,12.638537662,0.0107928897501473
2024,KAZ,1.16651618849972,Kazakhstan,0.372806365,3.12901360603037
2024,"",0.587217542489887,Region - Asia and the Pacific,69.530996751,0.00844540665212658
2016,KHM,,Cambodia,16.135469337,
2016,MNG,,Mongolia,9.692834477,
2017,KHM,0.334926226087644,Cambodia,7.403231761,0.0452405431708926
2022,ARM,4.71421466194636,Armenia,11.077557666,0.425564443362417
2020,LCA,0.3089934363,Saint Lucia,0.410012419,0.753619700236446
2016,MULTI,,Multi-destination_org_country,46.3687264,
2021,MYS,5.4879461018,Malaysia,13.800214991,0.397671058413151
2020,GMB,1.0211777275,Gambia,2.388005857,0.427627815278009
2020,PRY,7.223870777,Paraguay,11.101866396,0.65068975966084
2020,MNE,1.165662698,Montenegro,2.594489962,0.4492839498602
2020,DOM,3.6342075043,Dominican Republic,14.919445683,0.243588641395773
2020,GBR,3.168443905,United Kingdom,3.481861463,0.909985632303142
2020,BOL,2.212758877,"Bolivia, Plurinational State of",12.165585051,0.18188676234836
2020,ROU,1.165662698,Romania,2.471998938,0.471546601449228
2020,CIV,2.950345169,Côte d'Ivoire,10.614245745,0.277960887648546
2020,SMR,,San Marino,0.188050535,
2020,HRV,1.942771164,Croatia,3.451004282,0.562958201510571
2021,CIV,0.1587686821,Côte d'Ivoire,2.35151705,0.0675175551459429
2021,HRV,,Croatia,0.897852618,
2021,CUB,,Cuba,1.025926758,
2021,MNE,,Montenegro,0.236145804,
2021,GBR,,United Kingdom,0.295182255,
2021,PRY,,Paraguay,0.89850911,
2021,ROU,,Romania,0.295182255,
2021,SMR,,San Marino,0.180956947,
2022,GMB,0.47949152392,Gambia,11.39688695,0.0420721488265706
2024,QAT,,Qatar,0.059252096,
2016,BIH,0.321910491,Bosnia and Herzegovina,2.846703185,0.113081859990261
2017,BIH,,Bosnia and Herzegovina,2.28517114,
2024,FRA,0.10396588720193,France,0.78129294,0.133069021719216
2020,ATG,0.3089934363,Antigua and Barbuda,0.684474656,0.451431522834938
2022,USA,0.373435335311934,United States,28.565647762,0.0130728817502505
2023,BOL,0.141353,"Bolivia, Plurinational State of",4.210139667,0.0335744206084078
2023,NLD,,Netherlands,2.482867,
2024,MEX,9.68858870132377,Mexico,100.457664602,0.0964444947004161
2023,SRB,2.425889,Serbia,1.180176,2.05553154783693
2023,MNE,0.822917,Montenegro,0.362694,2.26890160851848
2020,USA,1.836351554,United States,17.131834084,0.107189431382308
2024,ISR,,Israel,0.576217791,
2016,UGA,,Uganda,175.915826624,
2024,ESP,0.734147867590791,Spain,0.079321508,9.25534430826493
2024,KIR,,Kiribati,1.805347061,
2017,PRK,,"Korea, Democratic People's Republic of",44.682643856,
2020,PRK,1.6703501802,"Korea, Democratic People's Republic of",45.352900171,0.0368300632132027
2016,MOZ,,Mozambique,97.512715588,
2019,SLE,0.01112219438,Sierra Leone,4.668902326,0.00238218613357216
2024,SLE,0.20652951643053,Sierra Leone,15.146192202,0.0136357385193658
2024,BEN,5.24499389443942,Benin,7.685939574,0.682414146499693
2023,ARG,6.15554727,Argentina,2.2740145,2.70690766043928
2024,ARG,3.21639675016587,Argentina,2.542819409,1.26489389642923
2022,SLV,6.65999085203537,El Salvador,57.149088596,0.116537131486319
2022,RWA,3.72018634371667,Rwanda,70.528275466,0.0527474451790628
2024,AZE,0.2482232083216,Azerbaijan,1.460551317,0.169951719896741
2022,BLZ,0.583429388934386,Belize,5.199708797,0.112204242912795
2023,BLZ,0.566254,Belize,4.878616,0.116068573546268
2024,BLZ,0.779282698895671,Belize,4.15068499,0.187747974315842
2022,MKD,0.623386144235827,"North Macedonia, Republic of",1.734740524,0.35935411412331
2020,KIR,0.451024317,Kiribati,0.589075724,0.76564743482792
2020,BLZ,0.3089934363,Belize,1.789155481,0.172703512680349
2016,BLZ,0.1852859448,Belize,0.295055548,0.627969702843886
2020,SUR,0.3737524751,Suriname,0.494322212,0.756090796704883
2020,URY,1.165662698,Uruguay,3.218927573,0.362127656359045
2021,URY,1.695572044,Uruguay,1.917539777,0.884243479242308
2023,SVK,5.90290675,Slovakia,29.160218,0.202430131009309
2016,BFA,4.91311609216332,Burkina Faso,87.558935187,0.0561121041692701
2016,CHN,,China,0.995704208,
2019,ECU,0.04080909984,Ecuador,78.285918929,0.000521282759381174
2016,LSO,,Lesotho,39.676355737,
2016,SWZ,,Eswatini,30.501911248,
2016,ARM,0.2489260521,Armenia,3.56444248,0.0698359009849978
2016,GEO,0.07195024542,Georgia,1.956043384,0.0367835631911526
2016,NIC,,Nicaragua,3.121027382,
2016,CRI,,Costa Rica,2.199284018,
2017,LSO,,Lesotho,6.643472119,
2017,RWA,0.3647255793,Rwanda,28.569568874,0.0127662262216327
2018,SWZ,,Eswatini,7.82299257,
2018,ECU,,Ecuador,18.428496567,
2018,SLV,,El Salvador,3.152923707,
2018,MOZ,,Mozambique,19.484224709,
2022,MNG,0.757655299653695,Mongolia,1.389021376,0.545459783949139
2022,SLB,,Solomon Islands,1.395377363,
2022,NIC,0.408509062722049,Nicaragua,11.152310095,0.0366299949734359
2022,ZMB,0.2017822013459,Zambia,11.594956191,0.0174025841945417
2023,SLB,,Solomon Islands,3.524313,
2024,SLB,,Solomon Islands,0.781321037,
2024,LSO,0.024746325936428,Lesotho,8.152923003,0.0030352704088242
2016,TLS,,Timor-Leste,6.28537073,
2017,TZA,3.06700605785,"Tanzania, United Republic of",118.746207041,0.0258282444069227
2023,PAN,7.124343,Panama,31.8086612,0.223974940510857
2023,GEO,0.204721,Georgia,5.494428,0.0372597475114789
2024,GEO,0.58005348847151,Georgia,7.778960613,0.0745669656049087
2022,SWZ,0.0438255462477488,Eswatini,9.685568025,0.00452482973994174
2016,SEN,0.650759861492411,Senegal,13.153060553,0.0494759268286029
2016,DOM,,Dominican Republic,3.07621937,
2016,MRT,3.6473159867,Mauritania,42.997487845,0.0848262577536639
2018,LSO,,Lesotho,1.265314025,
2023,LSO,0.144825,Lesotho,8.334502333,0.0173765624165193
2024,LAO,0.577137198024089,Lao People's Democratic Republic,7.142348327,0.0808049638019409
2017,MWI,,Malawi,69.126002397,
2020,BRB,0.593933207,Barbados,2.588812856,0.229422998121885
2016,TCD,4.2322839695,Chad,368.573952551,0.0114828623678022
2017,GIN,,Guinea,3.810370814,
2023,CHN,,China,3.265553,
2016,TWN,0.2489260521,"Taiwan, Province of China",1.230108494,0.202361054585158
2017,ARM,,Armenia,1.015585691,
2017,BLR,,Belarus,0.444318362,
2017,EGY,17.15764818582,Egypt,103.628152653,0.165569372285083
2017,SWZ,,Eswatini,7.289121908,
2016,SLB,0.03236414597,Solomon Islands,2.09086192,0.0154788537972895
2017,SLB,0.02881658264,Solomon Islands,0.694323536,0.0415031050308512
2017,MAF,,Saint Martin (France),0.122273352,
2016,CIV,0.2863595458,Côte d'Ivoire,20.357411278,0.0140665992296115
2018,JPN,,Japan,0.616862243,
2019,BEN,0.438023156669,Benin,1.96071283,0.223399954326305
2022,COM,0.024105584814,Comoros,0.822156375,0.0293199512246074
2023,COM,0.13492,Comoros,0.787789,0.171264132908685
2024,COM,0.067464872651,Comoros,5.344784285,0.0126225623062728
2019,GMB,0.1888292795,Gambia,1.224893139,0.154159798506309
2020,ARG,7.236822585,Argentina,16.215286267,0.446296319771288
2020,ERI,,Eritrea,15.008508385,
2021,ERI,0.2106521901,Eritrea,10.079618853,0.0208988249627419
2021,CHE,,Switzerland,29.873739857,
2021,NOR,,Norway,0.558149632,
2016,ERI,0.08999734441,Eritrea,10.386267004,0.00866503281451747
2016,IRN,,"Iran, Islamic Republic of",32.950989187,
2017,ERI,,Eritrea,3.960519948,
2022,IRN,42.4620934962566,"Iran, Islamic Republic of",49.938510224,0.85028754974452
2023,IRN,11.234781,"Iran, Islamic Republic of",66.13889025,0.16986648789439
2023,LAO,0.717375,Lao People's Democratic Republic,6.93597275,0.103428174512364
2024,IRN,0.194191862605502,"Iran, Islamic Republic of",30.811022476,0.00630267504938423
2018,PAN,,Panama,5.737005852,
2021,SLV,,El Salvador,36.901539111,
2018,HND,0.1594930743,Honduras,13.719933739,0.0116249157856082
2019,TWN,0.2351881861,"Taiwan, Province of China",0.235188186,1.00000000042519
2020,TWN,0.1740779261,"Taiwan, Province of China",0.174077926,1.00000000057446
2022,TWN,0.310795188,"Taiwan, Province of China",0.310795188,1
2020,TKM,5.807402798,Turkmenistan,6.387661391,0.909159462676346
2021,TKM,2.10773660892,Turkmenistan,2.107736609,0.999999999962045
2023,TKM,0.10223,Turkmenistan,0.07498,1.36343024806615
2024,TKM,0.0934445880716704,Turkmenistan,0.069466538,1.34517410485708
2017,PRI,,Puerto Rico (United States),0.453022768,
2020,CHL,1.51161578211,Chile,13.220158296,0.114341730882857
2023,TLS,0.191395,Timor-Leste,12.382424,0.0154569896815034
2019,WSM,0.980419793428,Samoa,4.172198448,0.234988772860979
2023,PRK,0.705593,"Korea, Democratic People's Republic of",2.43058325,0.290297812263785
2024,PRK,0.088905714628873,"Korea, Democratic People's Republic of",3.125676007,0.0284436756816021
2016,HND,0.0810747951446984,Honduras,11.691168051,0.00693470445305623
2016,SLV,,El Salvador,5.815835017,
2020,MDV,9.9101230066,Maldives,14.199741504,0.697908691070775
2016,MDV,0.102798746,Maldives,0.102798746,1
2017,MDV,0.1297613827,Maldives,0.129761383,0.999999997688064
2019,MDV,0.1888292795,Maldives,0.235101238,0.803182837769659
2021,MDV,0.05266279319,Maldives,0.052662793,1.00000000360786
2019,JPN,,Japan,0.293985233,
2022,JPN,0.039952386648885,Japan,0.337809506,0.118268982782518
2023,JPN,0.038667,Japan,0.61957,0.06240941297997
2016,BEL,,Belgium,0.904531105,
2017,BEL,,Belgium,0.977210538,
2017,MNE,,Montenegro,0.032293825,
2017,ECU,1.375187291,Ecuador,2.824639601,0.486854071759507
2017,RUS,,Russian Federation,0.395499177,
2017,ITA,,Italy,0.046196668,
2018,THA,,Thailand,2.063835049,
2018,ARM,,Armenia,0.001946739,
2019,ARM,0.06673316627,Armenia,0.116912793,0.570794389199136
2021,THA,0.114094789,Thailand,63.111670783,0.00180782393469344
2022,GEO,0.28836567845158,Georgia,7.687485561,0.0375110530177137
2017,SRB,0.32116235583,Serbia,33.27837647,0.00965078197608359
2020,GUY,0.3737524751,Guyana,11.545367482,0.0323725057416063
2021,AZE,0.104989863,Azerbaijan,11.99093329,0.00875577075285355
2021,GUY,,Guyana,2.540990792,
2024,GUY,0.265579899245997,Guyana,2.801046479,0.0948145277977721
2023,CRI,4.20834,Costa Rica,26.02072,0.161730344125758
2023,CUW,,Curaçao (Netherlands),2.675601,
2023,GUY,0.021515,Guyana,3.232678,0.00665547264528047
2024,ABW,0.391134839397568,Aruba (Netherlands),4.976850918,0.0785908289884539
2024,CUW,,Curaçao (Netherlands),1.569429799,
2024,"",0.587217542489887,Region - Latin America and the Caribbean,66.610194703,0.0088157307617574
2016,VEN,,"Venezuela, Bolivarian Republic of",2.969676855,
2016,PAN,,Panama,4.297077542,
2019,ABW,,Aruba (Netherlands),1.178231664,
2019,CRI,,Costa Rica,5.985241093,
2019,GUY,,Guyana,4.586364842,
2019,PAN,,Panama,5.300615884,
2020,ABW,,Aruba (Netherlands),1.50485493,
2022,ABW,,Aruba (Netherlands),2.576162673,
2022,GUY,0.03553163200867,Guyana,5.880391963,0.00604239177120139
2022,CUW,,Curaçao (Netherlands),1.412334142,
2023,ABW,,Aruba (Netherlands),3.25501,
2020,RWA,1.8709264055,Rwanda,41.138977178,0.0454781944967878
2016,PER,0.6320043619,Peru,1.90245327,0.332204933422622
2016,GMB,0.470725778034263,Gambia,2.565628706,0.183473850652442
2022,ITA,2.84212495802746,Italy,0.994939683,2.85658015916877
2021,ESP,,Spain,0.056232215,
2021,USA,,United States,21.035832322,
2021,POL,,Poland,0.017854239,
2022,LTU,,Lithuania,2.148777795,
2022,GRC,13.0845874199495,Greece,2.947171261,4.43971057708732
2023,LTU,,Lithuania,2.549602,
2024,LTU,,Lithuania,1.894569033,
2024,NOR,,Norway,0.378498807,
2017,ZWE,0.1891507613,Zimbabwe,95.223184062,0.00198639399809235
2019,GTM,,Guatemala,26.747140091,
2020,AUS,,Australia,0.116051951,
2019,FLK,,Falkland Islands (Malvinas),0.26359753,
2016,RWA,,Rwanda,70.279159867,
2017,GTM,0.1834100275,Guatemala,15.105870003,0.012141639472839
2016,LAO,,Lao People's Democratic Republic,2.545112979,
2016,JAM,0.1244630261,Jamaica,0.132757609,0.937520847486791
2017,JAM,0.1222733516,Jamaica,0.332935381,0.36725850894171
2016,ALB,0.01468204385,Albania,0.063581941,0.230915313673736
2016,CPV,,Cape Verde,0.005425298,
2016,LBR,0.33510194035,Liberia,20.847757304,0.0160737644564629
2017,FJI,,Fiji,0.888445013,
2017,BRB,,Barbados,0.089460858,
2017,KGZ,,Kyrgyzstan,0.645457338,
2019,COG,,Congo,24.062594096,
2017,BOL,0.5378000542,"Bolivia, Plurinational State of",4.710007468,0.114182420697597
2018,BOL,0.1778332143,"Bolivia, Plurinational State of",2.29774109,0.0773948009520951
2019,CIV,,Côte d'Ivoire,1.989525081,
2020,KAZ,12.4394331641,Kazakhstan,14.065085528,0.884419304762581
2019,AGO,,Angola,10.421097183,
2020,TTO,0.4126078984,Trinidad and Tobago,9.771932382,0.0422237774751725
2020,JAM,2.0353607648,Jamaica,3.299782229,0.616816693814615
2020,GNB,,Guinea-Bissau,19.699269975,
2020,UZB,5.902515166,Uzbekistan,12.284318949,0.480491852296011
2020,CHE,,Switzerland,21.777424581,
2020,PAN,4.440849733,Panama,24.689335534,0.179869147425391
2020,GNQ,,Equatorial Guinea,0.935984549,
2020,DNK,,Denmark,0.47910778,
2020,GAB,2.211108373,Gabon,9.963184565,0.221927874423553
2020,BGR,1.165662698,Bulgaria,1.491110815,0.781741159861415
2020,OMN,,Oman,0.265286537,
2021,SRB,4.902660358,Serbia,5.436765766,0.901760452631573
2023,PRY,0.082702,Paraguay,3.35226,0.0246705207829942
2024,KOR,0.449403457442935,"Korea, Republic of",0.29360877,1.53062000649005
2023,CZE,3.56412747,Czech Republic,31.592294,0.11281635546947
2024,CZE,3.69315308455979,Czech Republic,18.304873883,0.201757909295932
2024,BLR,1.14763349764463,Belarus,0.137620303,8.3391292754575
2018,FJI,0.77906921848,Fiji,1.126678182,0.691474487503655
2023,FJI,2.149181,Fiji,6.339291,0.33902545253089
2023,TTO,0.128601,Trinidad and Tobago,7.836193267,0.0164111572568747
2023,URY,0.002,Uruguay,0.825121,0.00242388692082737
2023,"",,Region - Europe,87.25,
2024,"",0.587217542489887,Region - Middle East and Northern Africa,533.643390906,0.00110039316985249
2024,SVK,3.90838943413995,Slovakia,9.610248744,0.406689726587992
2019,TTO,,Trinidad and Tobago,7.397995543,
2021,AGO,,Angola,15.416253743,
2017,PAN,,Panama,7.813787226,
2017,SLV,,El Salvador,0.174484683,
2018,SRB,,Serbia,0.932083592,
2021,GEO,,Georgia,0.304400284,
2023,HRV,1.039716,Croatia,0.90404,1.1500774302022
2023,"",,Region - Southern and Eastern Africa,197.196201,
2016,DNK,,Denmark,12.44630261,
2017,NAM,,Namibia,0.305683379,
2018,BRA,,Brazil,11.557627244,
2018,GUY,,Guyana,0.226533048,
2018,TTO,,Trinidad and Tobago,2.474510639,
2019,URY,,Uruguay,0.919914662,
2021,BLZ,,Belize,0.762462973,
2022,BRB,1.03142347439998,Barbados,2.526143288,0.408299671400106
2022,GNB,0.403478230466454,Guinea-Bissau,6.992014224,0.0577055791851109
2022,KAZ,1.93095166941341,Kazakhstan,1.625239944,1.18810251774947
2022,GNQ,,Equatorial Guinea,2.388823896,
2022,UZB,0.198266338917354,Uzbekistan,9.663966051,0.0205160425720699
2022,URY,,Uruguay,0.836913427,
2022,TTO,0.0660723598929435,Trinidad and Tobago,5.905122758,0.0111889900685691
2022,BGR,3.79093754518784,Bulgaria,12.402367433,0.305662412089242
2022,CZE,0.68891874860489,Czech Republic,10.567036393,0.0651950767446259
2023,BRB,2.83882,Barbados,1.300777,2.18240328665098
2023,SWZ,,Eswatini,6.7583425,
2023,BWA,0.026201,Botswana,0.5886,0.0445141012572205
2023,GNQ,0.054113,Equatorial Guinea,0.570971,0.0947736399922238
2023,STP,0.578286,São Tomé and Príncipe,0.933551,0.619447678809192
2023,BLR,1.31939463,Belarus,1.818598,0.725500979325832
2024,GNQ,0.0564730538,Equatorial Guinea,0.544798702,0.103658568922215
2022,HRV,0.955004578279397,Croatia,1.109102011,0.861061082576468
2024,TLS,,Timor-Leste,6.507392795,
2019,PNG,,Papua New Guinea,0.31186152,
2020,COK,1.01377692488,Cook Islands,1.114316212,0.909774904073639
2017,DEU,,Germany,1.109298498,
2019,NAM,0.1175940931,Namibia,2.466526258,0.0476759948200803
2017,AGO,,Angola,21.524317428,
2016,BRA,,Brazil,1.493049528,
2019,THA,,Thailand,26.00478586,
2022,"",,Region - Southern and Eastern Africa,0.920857412,
2017,MKD,,"North Macedonia, Republic of",3.366804102,
2018,MKD,,"North Macedonia, Republic of",0.030809607,
2022,TUV,,Tuvalu,0.070713852,
2016,COG,,Congo,29.116189496,
2017,LBR,,Liberia,3.489128691,
2017,ZMB,,Zambia,1.830637324,
2018,SLE,,Sierra Leone,3.943942359,
2018,TGO,,Togo,2.414445796,
2018,NAM,,Namibia,0.732674257,
2019,TGO,,Togo,2.464273054,
2021,GMB,0.66394999297,Gambia,3.185412718,0.208434526935294
2022,NAM,1.24711385405184,Namibia,3.698234067,0.337218745882002
2022,GAB,0.420658175953036,Gabon,2.913710691,0.144371978059587
2023,KIR,,Kiribati,2.000386,
2018,CUB,,Cuba,1.286431251,
2016,HRV,,Croatia,1.268008398,
2023,CPV,,Cape Verde,0.270152,
2016,GTM,2.00240733010117,Guatemala,33.292318176,0.0601462271120752
2018,ZMB,,Zambia,9.139921499,
2019,SLV,,El Salvador,3.046279425,
2021,ATG,,Antigua and Barbuda,0.395109816,
2018,DOM,,Dominican Republic,0.300281678,
2019,FJI,0.02172133284,Fiji,0.667524141,0.0325401457503243
2024,PRY,,Paraguay,1.868699434,
2024,TTO,0.893788279732899,Trinidad and Tobago,4.982445906,0.179387452788313
2017,HND,,Honduras,6.916994543,
2020,CYP,1.036144621,Cyprus,1.036144621,1
2023,"",,Region - Asia and the Pacific,110.354104,
2023,"",,Region - Middle East and Northern Africa,339.043755,
2016,AZE,,Azerbaijan,0.597179449,
2017,AZE,,Azerbaijan,1.122816322,
2018,AZE,,Azerbaijan,0.625251991,
2019,UZB,,Uzbekistan,0.225857567,
2019,RUS,,Russian Federation,0.33878635,
2019,MEX,,Mexico,3.306282456,
2019,AZE,,Azerbaijan,0.564642869,
2017,VEN,,"Venezuela, Bolivarian Republic of",3.115794963,
2024,BWA,0.042927559747819,Botswana,0.49506181,0.086711515371826
2022,RUS,1.74465951773277,Russian Federation,1.297717951,1.34440578277303
2023,RUS,2.946574,Russian Federation,5.134027,0.573930366941974
2016,ISR,,Israel,1.014199744,
2020,ISR,,Israel,0.992299868,
2022,ISR,,Israel,1.088096531,
2020,KWT,,Kuwait,0.034929946,
2018,MHL,,Marshall Islands,0.037291037,
2020,TUV,0.92907248704,Tuvalu,1.203093305,0.772236436840616
2023,LVA,,Latvia,1.25,
2023,GRD,,Grenada,0.024396,
2023,SUR,,Suriname,0.092234,
2023,EST,0.684509,Estonia,1.25,0.5476072
2023,BHS,,Bahamas,0.373731,
2023,KAZ,0.945571,Kazakhstan,1.201586,0.786935766561861
2024,URY,,Uruguay,3.722920745,
2024,LVA,,Latvia,0.99618432,
2024,EST,,Estonia,1.279413197,
2024,SUR,,Suriname,0.063704034,
2024,BHS,,Bahamas,0.503652236,
2016,KOR,,"Korea, Republic of",0.472373278,
2016,PLW,,Palau,0.385446232,
2017,KOR,,"Korea, Republic of",0.443522128,
2018,KOR,,"Korea, Republic of",0.442941487,
2018,PLW,,Palau,0.24192078,
2018,TLS,,Timor-Leste,1.673489103,
2018,ARG,,Argentina,0.221479111,
2018,CHL,,Chile,0.299934671,
2018,CUW,,Curaçao (Netherlands),0.043523866,
2018,URY,,Uruguay,0.100870751,
2019,MHL,,Marshall Islands,1.194787742,
2019,ARG,,Argentina,7.241151931,
2019,CUW,,Curaçao (Netherlands),0.325946132,
2019,DOM,,Dominican Republic,0.590184867,
2019,PLW,,Palau,1.676041463,
2019,KOR,,"Korea, Republic of",0.334650446,
2020,MHL,,Marshall Islands,2.434589842,
2020,CUW,,Curaçao (Netherlands),0.232099261,
2020,DMA,,Dominica,2.007732919,
2021,ABW,,Aruba (Netherlands),0.719262288,
2021,KOR,,"Korea, Republic of",0.669382559,
2022,PRY,0.25349013757728,Paraguay,0.828788204,0.305856353111512
2022,PLW,,Palau,0.885766286,
2023,KOR,0.331805,"Korea, Republic of",0.648363,0.511758073795081
2023,MHL,,Marshall Islands,2.211111,
2024,PLW,,Palau,1.508389093,
2017,MHL,,Marshall Islands,0.400883561,
2018,KHM,0.198056023737906,Cambodia,5.908182456,0.0335223269106681
2017,LAO,,Lao People's Democratic Republic,0.826674223,
2016,KAZ,3.97974784998,Kazakhstan,5.016898635,0.79326853889684
2018,AIA,,Anguilla (United Kingdom),0.631823904,
2023,SVN,0.793693,Slovenia,0.277047,2.86483159897057
2024,RUS,2.87872946135555,Russian Federation,0.064497219,44.6333889427938
2022,"",,Region - Middle East and Northern Africa,1.17243279,
2021,ITA,,Italy,0.46685101,
2017,PRY,,Paraguay,2.381469764,
2016,BEN,0.102798746,Benin,1.330197292,0.077280826399397
2017,BEN,0.1297613827,Benin,2.405515268,0.0539432796067375
2017,NIC,,Nicaragua,1.158055423,
2021,KAZ,0.1109844212,Kazakhstan,1.292105068,0.0858942697065561
2018,GNB,,Guinea-Bissau,2.593762096,
2018,ITA,,Italy,2.133328363,
2019,ITA,,Italy,2.063307583,
2021,MUS,0.6145172658,Mauritius,0.913856437,0.672443986735304
2022,MUS,,Mauritius,5.857139934,
2016,GNB,,Guinea-Bissau,1.217679406,
2019,GIN,,Guinea,4.18558186,
2019,GNB,,Guinea-Bissau,1.290353934,
2021,GNB,,Guinea-Bissau,1.843375118,
2023,"",,Region - West and Central Africa,0.109051,
2018,BRB,,Barbados,4.527123816,
2023,KWT,0.038864,Kuwait,0.049861,0.779446862277131
2021,COK,0.1493016513,Cook Islands,0.149301651,1.00000000200935
2020,TON,2.39178172527,Tonga,3.803862292,0.628777159020772
2019,TON,0.04174869006,Tonga,0.04724237,0.883712863262364
2020,PLW,2.3406921149,Palau,2.340692115,0.999999999957278
2020,SLB,2.67037731822,Solomon Islands,3.859507369,0.691895898338936
2017,ARG,,Argentina,0.739233278,
2017,KAZ,,Kazakhstan,0.699559828,
2021,JAM,1.017343634,Jamaica,1.017343634,1
2019,KWT,0.9711132699,Kuwait,0.97111327,0.999999999897025
2016,GHA,0.102798746,Ghana,0.81782463,0.125697786822586
2016,COM,0.102798746,Comoros,0.124786899,0.823794379248097
2017,GHA,0.1297613827,Ghana,0.605032438,0.214470125153852
2017,GNB,,Guinea-Bissau,2.33302076,
2017,GMB,0.1297613827,Gambia,0.693565132,0.187093290468356
2017,BRA,,Brazil,0.059781072,
2018,LBR,,Liberia,4.586928447,
2019,MDA,,"Moldova, Republic of",0.033454626,
2019,SRB,,Serbia,0.340274204,
2019,ZAF,,South Africa,0.062467145,
2021,COM,3.8330161045,Comoros,4.561879031,0.840227476102051
2023,NAM,0.620236,Namibia,1,0.620236
2021,MKD,,"North Macedonia, Republic of",0.420378422,
2019,TLS,,Timor-Leste,2.056453749,
2018,MYS,0.3951121591,Malaysia,0.395112159,1.00000000025309
2018,BLR,,Belarus,0.348298998,
2021,SUR,,Suriname,0.015965966,
2022,STP,0.430498494899688,São Tomé and Príncipe,0.015281619,28.1710003959455
2022,LCA,,Saint Lucia,0.014751694,
2024,MHL,,Marshall Islands,0.022078295,
2018,SLB,,Solomon Islands,0.59767468,
2019,SLB,0.006159911365,Solomon Islands,0.599800989,0.010269925321847
2019,ASM,,American Samoa,0.188150549,
2021,SLB,,Solomon Islands,0.554922106,
2024,TON,,Tonga,0.488325648,
2024,LCA,,Saint Lucia,1.085540775,
2017,ZAF,,South Africa,2.31059887,
2016,ARE,,United Arab Emirates,0.871241182,
2016,CHE,,Switzerland,9.687308821,
2016,NLD,,Netherlands,0.642229214,
2022,NLD,,Netherlands,3.330415234,
2016,USA,,United States,0.119474272,
2017,USA,,United States,0.013398204,
2018,CHE,,Switzerland,0.103337162,
2018,ARE,,United Arab Emirates,0.034113412,
2020,NLD,,Netherlands,2.71716848,
2020,ARE,,United Arab Emirates,0.192747052,
2021,NLD,,Netherlands,2.255907975,
2021,ARE,,United Arab Emirates,0.286681174,
2022,ARE,,United Arab Emirates,0.584133799,
2023,ARE,,United Arab Emirates,0.812429,
2017,Global,,Global,-0.189837388,
2018,ZAF,,South Africa,0.260665671,
2023,CYP,0.541652,Cyprus,0.2,2.70826
2023,MLT,0.004102,Malta,0.1,0.04102
2024,HRV,0.784158561890144,Croatia,0.195330259,4.0145268116915
2024,MLT,0.00838644520265974,Malta,0.195330259,0.0429346955540551
2022,CYP,0.477271713980655,Cyprus,1.139582356,0.4188128321466
2022,MLT,,Malta,0.51799198,
2022,"",,Region - West and Central Africa,1.027933065,
2016,ITA,,Italy,0.039584261,
2017,CPV,,Cape Verde,1.568863941,
2022,OMN,,Oman,7.40277478,
2020,VCT,0.3089934363,Saint Vincent and the Grenadines,1.388310749,0.222567920418802
2016,BTN,,Bhutan,0.393679426,
2018,CIV,,Côte d'Ivoire,0.358604808,
2019,LBR,,Liberia,0.682106507,
2018,CPV,,Cape Verde,0.994003054,
2016,NAM,,Namibia,1.244630261,
2021,TUV,0.1677636627,Tuvalu,0.267960461,0.62607618330676
2019,BWA,,Botswana,0.40745897,
2019,TUV,0.04996299739,Tuvalu,0.049962997,1.00000000780578
2023,SYC,,Seychelles,0.800685,
2024,SYC,,Seychelles,0.028544645,
2018,DMA,,Dominica,0.052326772,
2020,GRD,0.3089934363,Grenada,0.308993436,1.00000000097089
2016,URY,,Uruguay,0.062231513,
2021,UZB,0.105845449,Uzbekistan,0.105845449,1
2016,PRT,,Portugal,0.062231514,
2024,SVN,0.937445620029015,Slovenia,0.231121765,4.05606810777434
2023,SAU,0.1,Saudi Arabia,0.1,1
2020,SAU,0.2219961436,Saudi Arabia,0.221996144,0.999999998198167
2018,LVA,0.01785949602,Latvia,0.017859496,1.00000000111985
2019,MUS,11.43598818662,Mauritius,11.435988187,0.999999999966772
2023,MUS,0.065799,Mauritius,0.065799,1
2024,MUS,0.06014955859,Mauritius,0.112944128,0.532560299106475
2021,BGR,0.105845449,Bulgaria,0.105845449,1
2016,BGR,0.04188750774,Bulgaria,0.041887508,0.999999993792899
2016,UZB,,Uzbekistan,0.200852024,
2017,CIV,,Côte d'Ivoire,0.417895932,
2017,SXM,,Sint Maarten (Dutch part),0.122273352,
2021,NZL,2.088606977,New Zealand,2.088606977,1
2016,VCT,0.1852859448,Saint Vincent and the Grenadines,0.185285945,0.999999998920587
2020,"",,Region - Middle East and Northern Africa,0.539658656,
2021,"",,Region - Middle East and Northern Africa,0.508671817,
2020,KNA,0.3089934363,Saint Kitts and Nevis,0.308993436,1.00000000097089
2018,GEO,0.7108539431,Georgia,0.710853943,1.00000000014068
2021,SGP,,Singapore,0.121402668,
2023,ANT,,Netherlands Antilles,0.717855,
2024,NLD,,Netherlands,0.861972171,
2020,NRU,0.8604091345,Nauru,0.860409135,0.999999999418881
2022,SUR,,Suriname,0.242588324,
2017,TON,,Tonga,0.611475417,
2016,GBR,,United Kingdom,0.24764339,
2017,COM,0.1297613827,Comoros,0.129761383,0.999999997688064
2017,CAN,,Canada,0.061136676,
2018,PRI,,Puerto Rico (United States),0.001206108,
2020,SYC,1.942771164,Seychelles,1.942771164,1
2022,SYC,0.002994332861,Seychelles,0.002994333,0.999999953578977
2020,SGP,0.1164248793,Singapore,0.116424879,1.00000000257677
2022,SGP,0.05138157806,Singapore,0.051381578,1.00000000116773
2023,SGP,0.06246,Singapore,0.06246,1
2024,SGP,0.04695611329,Singapore,0.046956113,1.00000000617598
2019,KIR,0.03670062085,Kiribati,0.036700621,0.999999995912876
2017,POL,0.1139767435,Poland,0.113976744,0.99999999561314
